# id,Prediction
1.0,23.3324353502
2.0,25.0081359912
3.0,25.4809593055
4.0,24.7243672813
5.0,24.9844869506
6.0,25.1352401554
7.0,22.9512373409
8.0,25.5557028273
9.0,23.7155746062
10.0,25.1682847006
11.0,22.2646022377
12.0,23.7317864645
13.0,24.8660363143
14.0,24.148494118
15.0,25.1299013978
16.0,22.8885620503
17.0,23.9765388788
18.0,25.4797175751
19.0,23.0438250203
20.0,24.6350451109
21.0,24.7398080888
22.0,25.3971445506
23.0,22.7306075031
24.0,23.6095717473
25.0,24.1967509238
26.0,24.307185268
27.0,22.7810709
28.0,22.8181200328
29.0,23.7656541311
30.0,23.9229208011
31.0,24.1081471967
32.0,25.4452121592
33.0,22.4720815593
34.0,23.1274710119
35.0,22.9688612187
36.0,25.4893497376
37.0,25.2605033641
38.0,23.6662247911
39.0,23.7277551528
40.0,23.5753606688
41.0,24.5519180591
42.0,24.5070138012
43.0,23.6491247521
44.0,23.3991052186
45.0,23.1859041304
46.0,23.7995888231
47.0,23.5269785088
48.0,23.6118695579
49.0,22.4808501618
50.0,23.5434020334
51.0,23.7010438127
52.0,22.8756075206
53.0,23.6305122817
54.0,23.2262841989
55.0,22.7815079063
56.0,24.8459593566
57.0,22.978662635
58.0,22.5741542974
59.0,23.7150270975
60.0,23.3104268477
61.0,23.5405169345
62.0,25.6953042459
63.0,23.6185903112
64.0,23.7272044989
65.0,23.2674817618
66.0,24.3418279922
67.0,24.4403153216
68.0,25.1795292244
69.0,23.1796617435
70.0,23.7899899995
71.0,23.2970331717
72.0,25.1793761665
73.0,24.5523539077
74.0,23.3712512341
75.0,24.6542457344
76.0,25.0698347216
77.0,22.9134816261
78.0,24.922267348
79.0,23.3611917537
80.0,24.4805386074
81.0,24.7009506628
82.0,24.4815386824
83.0,24.5938056419
84.0,23.7627837069
85.0,24.0356785089
86.0,23.2143036102
87.0,24.7735242202
88.0,25.3932651417
89.0,23.2784512462
90.0,23.2530633308
91.0,22.658708047
92.0,24.9901744048
93.0,25.3688540748
94.0,23.545224226
95.0,25.3985486133
96.0,23.1494773327
97.0,24.1997248645
98.0,23.2258991556
99.0,22.2368048761
100.0,22.7972124079
101.0,22.8717289132
102.0,23.4055739267
103.0,23.9799117444
104.0,23.1467442043
105.0,23.4667858999
106.0,23.2257821528
107.0,25.0249864531
108.0,25.2934915532
109.0,23.5606592491
110.0,24.6375232701
111.0,22.8063732574
112.0,24.3413867501
113.0,22.8797018652
114.0,25.1670061485
115.0,25.1891101577
116.0,22.8635045102
117.0,23.8863278057
118.0,24.0495957203
119.0,23.3364938026
120.0,24.7552763309
121.0,22.5046673702
122.0,24.9182764433
123.0,24.4226340013
124.0,24.6023505019
125.0,23.3715218146
126.0,23.7377476249
127.0,24.3349271995
128.0,23.043895656
129.0,22.7911986173
130.0,23.0112658514
131.0,24.3471020646
132.0,23.6788852498
133.0,24.6226818456
134.0,22.9157050012
135.0,24.5788145362
136.0,22.6199493948
137.0,25.0661867744
138.0,23.3730669012
139.0,24.5899943033
140.0,23.6663992566
141.0,24.7843419714
142.0,24.6069754533
143.0,23.0646914063
144.0,23.408584642
145.0,23.6355124239
146.0,24.6598558592
147.0,25.1441711344
148.0,24.792442335
149.0,22.8076158796
150.0,24.4645246392
151.0,22.650036851
152.0,25.0901627747
153.0,23.5360553609
154.0,24.7056363177
155.0,22.4044482145
156.0,23.031307839
157.0,22.7312644048
158.0,24.3137483875
159.0,24.8490302663
160.0,24.3493476075
161.0,24.7012862954
162.0,25.2284684975
163.0,23.7490971767
164.0,23.4851793268
165.0,22.680450534
166.0,23.4552708231
167.0,24.6031753059
168.0,23.4813065235
169.0,23.1014068148
170.0,24.8978032618
171.0,23.6747369511
172.0,25.2712569376
173.0,24.4915084523
174.0,24.4421024916
175.0,23.3866219099
176.0,22.4536370196
177.0,22.8069362147
178.0,24.2225257009
179.0,22.2897910345
180.0,24.4624087834
181.0,23.7275634026
182.0,23.3633130487
183.0,24.8084582927
184.0,23.1944748532
185.0,22.928535191
186.0,23.2926426395
187.0,23.4745468688
188.0,24.6459488203
189.0,22.8738827797
190.0,23.1895439322
191.0,23.0083552596
192.0,24.733472152
193.0,23.1050322244
194.0,24.6782670582
195.0,24.2636272916
196.0,24.3559712395
197.0,23.7082522419
198.0,23.1639059782
199.0,23.385370865
200.0,23.4729895475
201.0,23.4472666426
202.0,24.7548923748
203.0,23.1920599592
204.0,23.4426229355
205.0,23.4210906717
206.0,23.436706435
207.0,23.4340516295
208.0,23.0876972884
209.0,24.6170417332
210.0,23.6841827065
211.0,24.7608670146
212.0,22.708485953
213.0,25.0116514074
214.0,23.1588878475
215.0,23.5173200082
216.0,23.6566606356
217.0,25.3281072578
218.0,23.4974895933
219.0,25.1322390629
220.0,24.9816238886
221.0,22.9055586661
222.0,24.1549772356
223.0,22.8014826793
224.0,23.7654934412
225.0,24.5733457191
226.0,23.3307370815
227.0,25.3655643402
228.0,24.6455172247
229.0,23.0283587571
230.0,23.9446108749
231.0,25.052282471
232.0,25.1262555574
233.0,23.6975828765
234.0,23.7844338311
235.0,23.0767893873
236.0,24.8540405559
237.0,22.8079840141
238.0,23.3638872858
239.0,23.2140421194
240.0,24.4219973586
241.0,23.4933012263
242.0,24.1122549084
243.0,23.035304501
244.0,24.482082377
245.0,23.2613068198
246.0,23.3604620442
247.0,23.7229601792
248.0,23.4537498713
249.0,24.4503425254
250.0,22.9448346555
251.0,23.9712642073
252.0,23.7466363241
253.0,22.7689819133
254.0,23.2140164636
255.0,23.922280653
256.0,23.0047333942
257.0,24.1663338289
258.0,23.2410170923
259.0,23.2261735889
260.0,23.1556645054
261.0,24.692761745
262.0,25.2986772683
263.0,23.0755879653
264.0,25.2206452211
265.0,23.3399102679
266.0,23.2588100292
267.0,22.6094411411
268.0,25.3055222346
269.0,24.3954294292
270.0,23.4591937874
271.0,23.3877257997
272.0,24.949874204
273.0,24.5642451838
274.0,24.2943513517
275.0,25.0929087024
276.0,23.7348053017
277.0,23.9372088787
278.0,24.6476954536
279.0,24.8928638684
280.0,25.1874195061
281.0,25.2484690067
282.0,24.9874937446
283.0,24.6744951255
284.0,24.8939958945
285.0,22.9356527175
286.0,23.2451416516
287.0,24.4507457059
288.0,24.3806559671
289.0,22.6238310249
290.0,22.7240825168
291.0,22.9324672279
292.0,24.0368536479
293.0,23.316024015
294.0,24.9100290741
295.0,22.7342415156
296.0,23.1043190326
297.0,23.5811956225
298.0,24.9004216243
299.0,22.7098208088
300.0,23.5288502916
301.0,24.8228769606
302.0,25.3011608704
303.0,22.6017969383
304.0,23.7762378629
305.0,23.9830608474
306.0,23.8316118961
307.0,23.9234479783
308.0,25.6182267987
309.0,25.2171259177
310.0,22.9954434809
311.0,25.4959391375
312.0,24.7024557567
313.0,24.7155993228
314.0,22.715067103
315.0,23.0996364469
316.0,23.1593903061
317.0,23.2067136032
318.0,25.4448831162
319.0,22.67469172
320.0,24.1528988663
321.0,23.2088085663
322.0,23.0271741929
323.0,23.3798297558
324.0,24.5833347526
325.0,23.0175317238
326.0,24.3460036043
327.0,24.7529353867
328.0,24.0222653301
329.0,23.9026586536
330.0,24.4376403996
331.0,24.5085631118
332.0,25.1038397281
333.0,23.3499968432
334.0,24.8084845211
335.0,25.7171476818
336.0,22.7714477488
337.0,23.5544844243
338.0,24.5067787818
339.0,23.6309117961
340.0,24.3130369993
341.0,23.0136665013
342.0,23.389536613
343.0,23.582344052
344.0,23.5320426093
345.0,23.5488847428
346.0,25.1908118405
347.0,24.9603427149
348.0,23.253109265
349.0,22.8101946213
350.0,23.2777689077
351.0,23.218082317
352.0,23.2191986869
353.0,24.1670156247
354.0,23.3827735767
355.0,25.0985530237
356.0,24.9923863462
357.0,24.3530198725
358.0,23.4146388965
359.0,22.9066047
360.0,23.2663954127
361.0,22.5812535852
362.0,22.8022026425
363.0,24.6716601035
364.0,24.5218933377
365.0,25.0240269049
366.0,23.7741121797
367.0,25.0643950706
368.0,23.1326813067
369.0,22.5298007336
370.0,23.3192754568
371.0,25.1282404581
372.0,23.8707018227
373.0,23.043699496
374.0,24.4708209255
375.0,24.2184672167
376.0,23.7548144502
377.0,24.4189271448
378.0,25.0397921793
379.0,22.804171026
380.0,24.6119685492
381.0,22.5279909444
382.0,22.7091393258
383.0,24.6709708329
384.0,22.6620595519
385.0,24.7965732972
386.0,23.7273054227
387.0,24.1954837766
388.0,22.8512039772
389.0,22.6265641883
390.0,23.4433947857
391.0,23.3878825666
392.0,24.3850098863
393.0,24.1422119107
394.0,25.1910957798
395.0,23.1467011519
396.0,22.8506079609
397.0,25.2266231008
398.0,24.7788221159
399.0,23.688319694
400.0,24.4413295972
401.0,24.7471349437
402.0,24.4089262025
403.0,23.2415100534
404.0,24.099556266
405.0,23.5090997666
406.0,24.2190415118
407.0,22.5530494034
408.0,22.8959418949
409.0,24.0917027049
410.0,23.4685279697
411.0,24.6648452348
412.0,24.5461387606
413.0,23.8604738998
414.0,23.7371978189
415.0,25.1116876201
416.0,25.1147259737
417.0,23.1695854195
418.0,25.2311449786
419.0,24.7233689502
420.0,24.0683745536
421.0,24.2033329897
422.0,22.7357032189
423.0,24.5192064674
424.0,24.8098813108
425.0,22.7673177946
426.0,23.4045451912
427.0,23.4983329792
428.0,23.3636162239
429.0,22.8125941451
430.0,24.9735351737
431.0,23.3401170747
432.0,24.2192424403
433.0,22.9460057673
434.0,24.7305517942
435.0,23.7476710353
436.0,23.7619978456
437.0,24.7820924412
438.0,23.8912954817
439.0,24.7941124333
440.0,24.0748272461
441.0,25.145511449
442.0,23.1606698458
443.0,23.6284770369
444.0,24.4569074186
445.0,22.5931620465
446.0,23.1927475112
447.0,24.6636206988
448.0,23.882360892
449.0,23.340784126
450.0,25.2423770649
451.0,23.5388948771
452.0,25.3738331607
453.0,24.8540151253
454.0,24.7414775049
455.0,24.4564067299
456.0,24.1506041651
457.0,24.7078627861
458.0,22.7626133957
459.0,25.4842216329
460.0,24.6243796369
461.0,24.1668741044
462.0,24.3669260534
463.0,23.0525387063
464.0,23.1011919478
465.0,23.2496156737
466.0,22.5566554947
467.0,23.3393204225
468.0,23.762374723
469.0,22.5735298077
470.0,23.9335859159
471.0,24.6310520623
472.0,23.4639931108
473.0,23.1112714709
474.0,23.8063029594
475.0,24.3160674933
476.0,25.2820405
477.0,24.8497170194
478.0,24.6458179932
479.0,24.9695840351
480.0,23.6215195726
481.0,22.9571855065
482.0,24.8517164919
483.0,23.6512795898
484.0,23.4172842285
485.0,22.8875695773
486.0,23.6476989216
487.0,24.0971481475
488.0,23.629313409
489.0,23.4197994714
490.0,24.6100066628
491.0,22.7573032374
492.0,23.7305934955
493.0,24.3965671888
494.0,22.7545855998
495.0,23.9422018639
496.0,22.7201751454
497.0,22.5515423566
498.0,23.8519166072
499.0,23.4771120296
500.0,25.6906007244
501.0,24.3819185419
502.0,23.7450910771
503.0,22.7448750434
504.0,22.8737684293
505.0,22.6502372903
506.0,25.2133508484
507.0,24.8619572977
508.0,24.9604059277
509.0,22.7935243654
510.0,24.5743978688
511.0,23.7984285785
512.0,24.0206256107
513.0,24.3939739446
514.0,25.2805872641
515.0,24.4075852297
516.0,22.7908474616
517.0,25.3783478984
518.0,22.9982844493
519.0,24.1790426994
520.0,23.0149391273
521.0,25.4139326603
522.0,23.1345214606
523.0,24.3557054214
524.0,23.6694468186
525.0,22.880401539
526.0,22.8198513388
527.0,24.2819745731
528.0,22.4780453004
529.0,24.7865732982
530.0,22.4628821759
531.0,22.5689530465
532.0,22.6951724771
533.0,24.5456622629
534.0,24.8217252447
535.0,23.5841340785
536.0,22.7480488902
537.0,25.1597778341
538.0,23.550974616
539.0,24.988302899
540.0,23.5005812998
541.0,22.812039742
542.0,25.4008350044
543.0,24.7720712423
544.0,25.0149369497
545.0,23.2868078555
546.0,24.8915107486
547.0,22.8296962798
548.0,23.1967597324
549.0,24.0164133259
550.0,23.5817050778
551.0,23.1518139013
552.0,23.1463863509
553.0,23.8337734718
554.0,24.5605430774
555.0,23.7106449335
556.0,23.3967636292
557.0,23.8943004267
558.0,24.6489645463
559.0,24.4719552774
560.0,23.4160183091
561.0,23.7185425093
562.0,25.2197897681
563.0,24.2888409903
564.0,24.454786104
565.0,25.0356073901
566.0,24.9035048713
567.0,23.3134274014
568.0,23.9307165252
569.0,22.5023354462
570.0,23.28601688
571.0,24.1089015229
572.0,22.9260662474
573.0,24.6277771375
574.0,23.1220738095
575.0,23.1840966752
576.0,23.6677031478
577.0,23.4451140219
578.0,22.8729995896
579.0,23.0255575612
580.0,25.2078153498
581.0,22.8291191191
582.0,23.8558574888
583.0,22.8442344883
584.0,22.3902764909
585.0,24.02717736
586.0,23.6500101719
587.0,23.6539887309
588.0,24.7382028944
589.0,23.3636810353
590.0,25.062749009
591.0,25.0150817607
592.0,25.0044588726
593.0,25.1399545348
594.0,24.6854400873
595.0,22.6224218182
596.0,23.178802519
597.0,23.1060853942
598.0,23.7182316907
599.0,25.1007596005
600.0,24.2842722584
601.0,23.5440427531
602.0,24.9084939131
603.0,22.9185972784
604.0,23.4703365872
605.0,23.2785153426
606.0,24.6093664044
607.0,22.5592171535
608.0,22.514156374
609.0,23.2519404857
610.0,24.8642600993
611.0,23.4969820329
612.0,22.9727945287
613.0,23.8861011236
614.0,25.4595742589
615.0,22.9747294932
616.0,23.1480714327
617.0,23.3588466605
618.0,22.9754891581
619.0,22.8530446513
620.0,25.2101802383
621.0,23.0353135766
622.0,22.8239755518
623.0,25.1532216651
624.0,24.6745555058
625.0,25.0853712561
626.0,23.3084275673
627.0,25.3527833987
628.0,23.405635359
629.0,25.1439419033
630.0,22.9301867156
631.0,23.0020391319
632.0,23.4354669496
633.0,25.430911821
634.0,24.412071506
635.0,23.556039422
636.0,22.5931077848
637.0,23.176465035
638.0,22.8677920177
639.0,24.473643407
640.0,24.8095760368
641.0,24.1104315488
642.0,23.0973028618
643.0,24.7518337297
644.0,25.1438758431
645.0,23.5712447479
646.0,24.300810311
647.0,24.1031259703
648.0,22.564043219
649.0,23.2683506031
650.0,22.5524074487
651.0,23.2282226055
652.0,23.5710527618
653.0,22.4889635257
654.0,24.8866717241
655.0,23.5969541951
656.0,25.0167050518
657.0,22.7037759322
658.0,24.7402089061
659.0,24.6189383459
660.0,23.1537107534
661.0,24.3206464507
662.0,25.0707573693
663.0,25.2375944237
664.0,24.8940142456
665.0,24.5381254728
666.0,23.1682245982
667.0,23.5452425658
668.0,23.4620764378
669.0,23.292713763
670.0,22.6337237653
671.0,25.1586988057
672.0,24.4112500395
673.0,23.570845849
674.0,23.7205059426
675.0,23.1069149951
676.0,25.0795424109
677.0,25.1596328427
678.0,22.8527449844
679.0,24.5856579136
680.0,24.3036681876
681.0,25.1364031028
682.0,23.7605561715
683.0,23.2709322998
684.0,25.5064879609
685.0,24.5521734951
686.0,22.7496153662
687.0,23.3206494568
688.0,23.0485293693
689.0,22.7135407026
690.0,24.6759892117
691.0,23.1551623324
692.0,23.1999737976
693.0,22.7542095664
694.0,25.407879842
695.0,23.131889196
696.0,24.3138684053
697.0,24.8245782506
698.0,25.27363078
699.0,25.4066865852
700.0,23.3103206975
701.0,22.8686018398
702.0,24.023907876
703.0,24.618321969
704.0,25.3010985546
705.0,23.0885013131
706.0,23.5670000422
707.0,23.6271236932
708.0,22.6994961365
709.0,22.804003792
710.0,22.8466967987
711.0,23.3390568628
712.0,23.2583663017
713.0,24.2835450779
714.0,23.2246855755
715.0,22.8606189339
716.0,22.6216777754
717.0,22.1570187833
718.0,24.3570762533
719.0,24.9652950513
720.0,23.2492632344
721.0,23.2323183524
722.0,24.2951336518
723.0,25.4182605316
724.0,22.7242138416
725.0,22.6270906149
726.0,23.312080462
727.0,23.8815010865
728.0,25.1158684214
729.0,23.3480789056
730.0,22.7740650404
731.0,25.3207895525
732.0,24.700617332
733.0,25.199858402
734.0,23.4793165187
735.0,24.5192275094
736.0,23.3578096548
737.0,23.3372503606
738.0,25.2996773905
739.0,24.4349321087
740.0,23.9949996875
741.0,24.9431034387
742.0,23.3978965088
743.0,23.6254428599
744.0,25.098341051
745.0,25.2127440264
746.0,22.4850015463
747.0,23.0234050037
748.0,24.5426122284
749.0,23.0123007251
750.0,25.3320824543
751.0,24.9716742649
752.0,23.5022282894
753.0,23.3668120308
754.0,23.6587978738
755.0,23.4969127552
756.0,24.1766950454
757.0,23.0284482391
758.0,23.6538704375
759.0,22.7999435859
760.0,23.4477457581
761.0,22.9421859449
762.0,23.2732554127
763.0,24.9973670291
764.0,22.8680433105
765.0,22.8649704076
766.0,23.4927681963
767.0,23.6165201925
768.0,24.5354920802
769.0,25.1751519111
770.0,24.3782548847
771.0,22.9474065001
772.0,24.1689565909
773.0,25.1585025791
774.0,25.3910755451
775.0,23.8384452478
776.0,23.6789673653
777.0,24.2914193525
778.0,24.5317221983
779.0,22.8211185312
780.0,25.3467192638
781.0,24.6433540493
782.0,23.9952658951
783.0,23.178988698
784.0,23.1108504169
785.0,22.7578259918
786.0,23.2357881225
787.0,23.4256618253
788.0,24.3210711932
789.0,23.6418469694
790.0,24.2685245661
791.0,24.2309484768
792.0,23.2076904858
793.0,25.1214361906
794.0,24.8198492826
795.0,25.1010763618
796.0,23.161017028
797.0,24.9455073126
798.0,22.6149668205
799.0,22.9590875372
800.0,23.5038410276
801.0,24.81852498
802.0,23.1064805572
803.0,24.9997611309
804.0,23.7760755478
805.0,24.0203524309
806.0,23.3505123165
807.0,22.7969134654
808.0,23.6817784635
809.0,23.4376381487
810.0,22.9841010679
811.0,23.4812675054
812.0,24.1818422394
813.0,23.6974217234
814.0,25.2672729304
815.0,23.6442535642
816.0,23.9283595612
817.0,23.4474542193
818.0,22.8230108886
819.0,23.2488653924
820.0,23.7330862234
821.0,24.2707843707
822.0,25.4746204818
823.0,25.2611762368
824.0,25.0232946598
825.0,24.662507931
826.0,25.4343912349
827.0,23.7177393385
828.0,25.0383995792
829.0,23.7545371173
830.0,24.5954548905
831.0,23.1347158076
832.0,23.0982405136
833.0,22.8549863415
834.0,24.4245790454
835.0,22.6178145443
836.0,24.4593092866
837.0,23.2214438184
838.0,24.0135708755
839.0,22.7361125817
840.0,24.6528615436
841.0,22.7794076006
842.0,22.7394637268
843.0,24.4452051969
844.0,25.0668266693
845.0,25.6954933032
846.0,23.5014738919
847.0,24.6992075114
848.0,24.8687716731
849.0,23.3906526439
850.0,23.3935656798
851.0,24.6008960852
852.0,25.6625002777
853.0,24.7291474171
854.0,24.6187282575
855.0,24.7286479152
856.0,24.6837771114
857.0,22.7471632864
858.0,24.5677389674
859.0,24.7682987812
860.0,24.7172627004
861.0,24.2493329884
862.0,24.9207967772
863.0,24.2711047595
864.0,22.7108418274
865.0,25.5710175748
866.0,25.199940098
867.0,22.7661062087
868.0,24.9148101051
869.0,23.144923902
870.0,22.9973106709
871.0,23.3880215906
872.0,23.8944900868
873.0,23.5274474898
874.0,22.9636565727
875.0,24.9652950513
876.0,23.410551815
877.0,25.4031549002
878.0,24.8450197093
879.0,22.9566241864
880.0,25.2978011813
881.0,23.3911394803
882.0,24.7163652759
883.0,25.2323822012
884.0,24.3976989037
885.0,22.9279011016
886.0,23.0675986812
887.0,22.6384996191
888.0,23.7054943554
889.0,23.1300223966
890.0,23.3220600496
891.0,23.4139002883
892.0,23.9356966017
893.0,22.8729016091
894.0,22.6600813258
895.0,23.3660786897
896.0,24.2319589676
897.0,25.2948475609
898.0,25.291419194
899.0,23.1479720828
900.0,25.2531338744
901.0,25.2823468954
902.0,23.578771395
903.0,25.0670155812
904.0,23.9008624257
905.0,24.3120889277
906.0,23.1838154382
907.0,23.0064141383
908.0,24.2215371638
909.0,24.4895360316
910.0,23.1975669744
911.0,22.8729016091
912.0,24.8936331426
913.0,25.3636679524
914.0,24.5922440008
915.0,25.2972250099
916.0,24.4938864661
917.0,24.985736682
918.0,23.6243558076
919.0,23.1278446829
920.0,22.9727769495
921.0,23.511919546
922.0,25.048683909
923.0,23.9042488784
924.0,24.6485524289
925.0,23.0163387839
926.0,23.01189561
927.0,25.2055034981
928.0,24.5480651403
929.0,25.4795945965
930.0,24.1961265691
931.0,22.5614157687
932.0,23.4291131675
933.0,25.2859199187
934.0,24.8649708051
935.0,24.9880125054
936.0,24.7140964496
937.0,25.0121695235
938.0,22.6600468307
939.0,22.5665641603
940.0,23.3114003555
941.0,25.1338358235
942.0,23.3928408539
943.0,24.3316893146
944.0,22.6734908359
945.0,22.7539672204
946.0,23.1200477612
947.0,24.6104631499
948.0,23.2981910331
949.0,24.5795665875
950.0,22.5681483141
951.0,23.8640188361
952.0,23.8806979853
953.0,23.0647308041
954.0,24.473275644
955.0,25.5488334451
956.0,23.1308723865
957.0,23.2831125389
958.0,25.2079694853
959.0,22.9055214343
960.0,23.4786076762
961.0,23.385864129
962.0,22.9407968914
963.0,25.4463799304
964.0,23.3340906326
965.0,25.0767790457
966.0,24.8346947192
967.0,25.1615992031
968.0,24.9029641253
969.0,25.1081291531
970.0,23.4441968103
971.0,24.4940451384
972.0,22.5812228132
973.0,24.3490571893
974.0,23.3081272523
975.0,23.1786346463
976.0,25.5135101263
977.0,24.747564879
978.0,24.8108571541
979.0,23.3679621825
980.0,23.0141762555
981.0,25.6549653818
982.0,25.1872293103
983.0,23.0300360015
984.0,22.9471533565
985.0,25.1751380591
986.0,23.3439074311
987.0,24.425747755
988.0,23.4354735671
989.0,25.2773652186
990.0,24.2309616755
991.0,23.0279223158
992.0,25.479993632
993.0,24.9145299991
994.0,23.6366734149
995.0,22.9479068821
996.0,25.1294747563
997.0,25.0487473959
998.0,24.4504073104
999.0,24.4966254402
1000.0,22.8654660878
1001.0,25.2795183489
1002.0,24.873314381
1003.0,24.3208801769
1004.0,23.7208998744
1005.0,24.453146237
1006.0,24.9939106438
1007.0,23.7270441582
1008.0,24.709281599
1009.0,23.4745691788
1010.0,24.3975021561
1011.0,24.3970001924
1012.0,25.1578432296
1013.0,22.8789969307
1014.0,24.3967869057
1015.0,24.0968296068
1016.0,24.7458664151
1017.0,24.489482988
1018.0,24.5901335052
1019.0,23.3085883385
1020.0,23.0759732973
1021.0,23.8165258698
1022.0,23.9310068323
1023.0,23.120688105
1024.0,25.4177735419
1025.0,23.2136588428
1026.0,24.7962142898
1027.0,25.2189828811
1028.0,24.4741602955
1029.0,22.860604167
1030.0,22.6504374218
1031.0,23.1703627032
1032.0,23.0892988345
1033.0,24.5836355317
1034.0,22.8727339072
1035.0,24.7001497937
1036.0,25.2894968542
1037.0,23.205378409
1038.0,22.7082920393
1039.0,24.620496679
1040.0,24.2761792527
1041.0,24.6199306124
1042.0,23.5881486183
1043.0,23.0550952512
1044.0,25.1253657925
1045.0,23.3737932397
1046.0,24.0201576053
1047.0,23.4632837592
1048.0,24.9308385583
1049.0,23.2160550476
1050.0,24.6580118437
1051.0,23.0486284864
1052.0,22.9668760935
1053.0,24.6909585379
1054.0,24.6064144847
1055.0,23.9370091552
1056.0,23.3425591793
1057.0,24.9815365617
1058.0,24.8218439304
1059.0,24.5868944447
1060.0,24.6165094217
1061.0,25.0197187883
1062.0,23.5699810207
1063.0,24.2593112903
1064.0,24.5710019463
1065.0,23.4379628846
1066.0,23.0050611189
1067.0,25.4382295088
1068.0,24.8615773005
1069.0,24.5508572063
1070.0,24.8827453793
1071.0,23.6612778702
1072.0,22.9002669068
1073.0,22.8517781794
1074.0,24.7618978943
1075.0,22.5602767596
1076.0,23.3247452567
1077.0,24.4977345402
1078.0,22.8651570448
1079.0,25.2868209763
1080.0,24.7674451622
1081.0,24.7410774179
1082.0,23.4214252152
1083.0,24.6278604659
1084.0,22.9392703137
1085.0,25.7352650348
1086.0,22.6582545849
1087.0,25.3676013747
1088.0,24.0886178681
1089.0,23.0225620397
1090.0,24.2428805658
1091.0,25.2549147586
1092.0,25.206607042
1093.0,23.2225581176
1094.0,23.4494742333
1095.0,24.49575054
1096.0,22.967930938
1097.0,23.9114407695
1098.0,24.594573949
1099.0,23.8505029405
1100.0,24.5800994716
1101.0,23.9712506933
1102.0,23.0392765211
1103.0,24.7092244286
1104.0,23.3255026032
1105.0,24.5649532053
1106.0,23.0688530292
1107.0,25.2048832859
1108.0,23.2086193589
1109.0,23.2934741374
1110.0,22.9680728658
1111.0,25.2198130647
1112.0,23.3258494918
1113.0,22.9483325617
1114.0,23.6537881515
1115.0,24.4580017309
1116.0,23.9593090894
1117.0,23.5257069864
1118.0,23.2883322269
1119.0,23.2623066404
1120.0,23.8468012274
1121.0,22.8472414688
1122.0,23.9558285719
1123.0,25.1667360767
1124.0,24.9719893644
1125.0,24.9782555794
1126.0,23.9744653313
1127.0,23.639547706
1128.0,23.4597904126
1129.0,24.7232979446
1130.0,23.5717316494
1131.0,24.8946219054
1132.0,23.1974527599
1133.0,23.3079929071
1134.0,24.914578917
1135.0,23.1092174982
1136.0,24.992178502
1137.0,22.9348897388
1138.0,25.2838093002
1139.0,23.5000059583
1140.0,23.6321645959
1141.0,22.8756433106
1142.0,25.0745002558
1143.0,25.0041955879
1144.0,22.8881993623
1145.0,22.8890015287
1146.0,22.8553268125
1147.0,24.9574544586
1148.0,24.8072678853
1149.0,24.3238308152
1150.0,25.4300989227
1151.0,23.6773515587
1152.0,22.9631547698
1153.0,23.0086242858
1154.0,22.9055201698
1155.0,23.4681177402
1156.0,23.2711637066
1157.0,23.2027852988
1158.0,23.4861870907
1159.0,24.555729886
1160.0,24.2617978862
1161.0,23.7403545863
1162.0,23.1676377748
1163.0,23.1235396341
1164.0,23.5227255987
1165.0,23.8980152035
1166.0,24.7619511088
1167.0,23.8536641276
1168.0,25.1659019983
1169.0,25.0695574756
1170.0,24.1018740358
1171.0,23.8832327996
1172.0,25.1258344578
1173.0,23.7287006008
1174.0,24.5868295915
1175.0,23.5220439774
1176.0,24.6659912468
1177.0,23.1318551038
1178.0,24.8482497683
1179.0,22.7263621078
1180.0,23.6839884151
1181.0,23.7686202319
1182.0,24.9128388059
1183.0,23.8777412502
1184.0,24.3549314491
1185.0,23.3524962309
1186.0,24.246771275
1187.0,22.9977781343
1188.0,23.6542492737
1189.0,23.4563307218
1190.0,23.5271154949
1191.0,23.306793305
1192.0,24.4762900084
1193.0,24.9868524046
1194.0,24.7013749403
1195.0,23.2259499416
1196.0,24.6915632236
1197.0,24.4791983895
1198.0,23.2788984692
1199.0,23.0059300804
1200.0,24.8367914123
1201.0,23.5642089986
1202.0,23.7210558556
1203.0,23.5579187208
1204.0,23.1088762133
1205.0,25.4185944175
1206.0,24.2335678039
1207.0,25.3308449239
1208.0,24.2283790111
1209.0,23.8818465365
1210.0,23.3658079336
1211.0,23.018176076
1212.0,23.3542732271
1213.0,24.420495729
1214.0,23.1495940279
1215.0,23.1549839231
1216.0,23.3442012119
1217.0,24.5061175876
1218.0,23.6466429818
1219.0,23.6735574168
1220.0,23.0691944203
1221.0,23.5391469514
1222.0,23.3287038906
1223.0,25.2566738945
1224.0,23.5278675116
1225.0,22.9731553753
1226.0,25.2255499062
1227.0,24.6297412448
1228.0,22.7849231608
1229.0,23.3871073156
1230.0,23.5940505078
1231.0,24.4107103377
1232.0,23.6815615417
1233.0,23.425836154
1234.0,23.3327244005
1235.0,22.9947162297
1236.0,24.4566990773
1237.0,23.72403606
1238.0,25.5985612037
1239.0,24.9939546992
1240.0,25.1196143341
1241.0,23.1471813082
1242.0,24.8321203347
1243.0,23.2339468541
1244.0,24.6042688499
1245.0,25.1858085777
1246.0,24.8626845887
1247.0,22.4513071475
1248.0,24.6020913505
1249.0,23.4595685175
1250.0,25.1446952726
1251.0,23.2629327775
1252.0,24.921059935
1253.0,22.5600105831
1254.0,23.613518159
1255.0,23.7089666629
1256.0,23.2396192421
1257.0,23.7068553204
1258.0,22.9684442107
1259.0,23.1577950508
1260.0,24.3902240448
1261.0,22.6925555541
1262.0,22.7846051865
1263.0,23.1833303527
1264.0,24.170917699
1265.0,23.483185764
1266.0,23.3973833629
1267.0,23.2448710872
1268.0,24.0519830709
1269.0,25.3917061015
1270.0,24.9357250175
1271.0,24.5605448306
1272.0,22.7879461756
1273.0,24.1994106416
1274.0,24.0137911185
1275.0,22.8213510365
1276.0,24.2783679751
1277.0,24.5296170018
1278.0,22.9099542691
1279.0,24.5067455221
1280.0,23.3563812358
1281.0,23.8755217877
1282.0,22.9275479416
1283.0,23.2486204194
1284.0,24.7795821494
1285.0,24.6175105691
1286.0,23.1611771972
1287.0,22.6684006197
1288.0,23.8667753673
1289.0,23.4639819215
1290.0,23.2622382387
1291.0,24.8375293556
1292.0,23.4721213598
1293.0,24.9534401174
1294.0,24.3084834969
1295.0,22.780842792
1296.0,23.3586817163
1297.0,24.9227461421
1298.0,23.4264030337
1299.0,23.1470804602
1300.0,24.385185232
1301.0,24.4981640097
1302.0,23.8588186751
1303.0,24.602127745
1304.0,23.119027995
1305.0,23.6216017298
1306.0,24.60414386
1307.0,22.9138892133
1308.0,24.6529153728
1309.0,23.4129404491
1310.0,23.0449849292
1311.0,23.7430423655
1312.0,23.1099283513
1313.0,24.6524866003
1314.0,24.4314070251
1315.0,24.846068414
1316.0,24.2264112771
1317.0,25.0017997756
1318.0,24.3194615504
1319.0,24.5473990851
1320.0,25.0984386475
1321.0,24.6514254019
1322.0,25.7534622275
1323.0,24.3724625808
1324.0,22.7565983387
1325.0,22.7755389675
1326.0,23.7931393785
1327.0,24.6587965767
1328.0,23.0005878176
1329.0,24.8451838901
1330.0,23.0784715761
1331.0,22.5336464828
1332.0,23.4302900676
1333.0,24.7429507553
1334.0,23.1295342727
1335.0,24.896187503
1336.0,25.6780744609
1337.0,22.7501994906
1338.0,22.5214122481
1339.0,25.0752582179
1340.0,24.8011608261
1341.0,24.5203496039
1342.0,24.4292631406
1343.0,25.6353859687
1344.0,23.317240869
1345.0,22.6989393198
1346.0,23.7833588934
1347.0,24.3141171703
1348.0,25.1639658297
1349.0,23.4278906446
1350.0,24.7832426984
1351.0,23.837646976
1352.0,24.5617383667
1353.0,24.4784614998
1354.0,25.4933874754
1355.0,24.0372008051
1356.0,24.1715940509
1357.0,24.3439197793
1358.0,22.8847641439
1359.0,25.1416150868
1360.0,24.2304055484
1361.0,25.3112718693
1362.0,22.664355683
1363.0,23.2127069433
1364.0,23.8363765614
1365.0,23.5716932788
1366.0,24.4851052223
1367.0,25.4671297939
1368.0,24.4944404407
1369.0,24.2589489281
1370.0,24.92102151
1371.0,24.9444709945
1372.0,22.9986009526
1373.0,24.6014907433
1374.0,23.1300748808
1375.0,24.6196883379
1376.0,22.810939351
1377.0,22.4213283835
1378.0,23.6524274591
1379.0,24.741772051
1380.0,23.9407891857
1381.0,24.5138728831
1382.0,24.9931596814
1383.0,25.2871182684
1384.0,24.3441738886
1385.0,22.9736957515
1386.0,23.9372530487
1387.0,22.6626834257
1388.0,24.4667446172
1389.0,25.0487821646
1390.0,25.5648155509
1391.0,23.4090538489
1392.0,24.4014376015
1393.0,24.7792867278
1394.0,24.4066916481
1395.0,24.2914935742
1396.0,22.6084821907
1397.0,23.158990852
1398.0,24.8573350622
1399.0,23.3292690778
1400.0,25.2602597267
1401.0,23.6545398002
1402.0,23.1776576958
1403.0,23.6910353484
1404.0,25.0487821646
1405.0,23.5672262648
1406.0,22.8966488766
1407.0,25.1993790325
1408.0,24.8401021639
1409.0,24.3643907149
1410.0,24.5428579594
1411.0,23.7379078189
1412.0,22.7150712946
1413.0,23.3948820478
1414.0,24.5698672367
1415.0,24.0032226036
1416.0,24.4788056427
1417.0,24.6032809897
1418.0,22.8616217784
1419.0,23.8321642884
1420.0,24.5693934263
1421.0,22.7825110495
1422.0,22.963784546
1423.0,23.5072742365
1424.0,23.8307857395
1425.0,22.9783421716
1426.0,24.5490401191
1427.0,24.7145299422
1428.0,23.6527011365
1429.0,24.6196087507
1430.0,23.02889732
1431.0,24.9889165744
1432.0,24.4675382668
1433.0,24.7160180392
1434.0,23.2214544347
1435.0,23.3690404916
1436.0,24.409587337
1437.0,23.2350701417
1438.0,23.061071464
1439.0,23.5187223712
1440.0,24.0325386749
1441.0,23.4687439371
1442.0,22.8554402967
1443.0,25.2031893829
1444.0,23.2062276145
1445.0,23.1691176312
1446.0,24.6068850788
1447.0,23.4045496032
1448.0,24.9545667076
1449.0,23.2848970435
1450.0,23.4039602676
1451.0,22.6010984334
1452.0,23.9411418043
1453.0,23.2399576053
1454.0,23.3275933011
1455.0,25.1062985524
1456.0,23.2431472292
1457.0,24.5334532943
1458.0,22.6082087394
1459.0,24.5915794828
1460.0,24.7421707239
1461.0,23.4425745657
1462.0,23.4149582815
1463.0,25.2626074738
1464.0,22.7376052613
1465.0,23.4793935336
1466.0,24.7539419013
1467.0,24.8337949598
1468.0,25.4178413417
1469.0,24.440621214
1470.0,22.4323974004
1471.0,22.6572661445
1472.0,23.030101457
1473.0,23.9893022394
1474.0,24.5510603847
1475.0,22.4431475366
1476.0,25.9531022433
1477.0,25.318078378
1478.0,22.8853106823
1479.0,22.4822114545
1480.0,22.8824699002
1481.0,23.7125286079
1482.0,22.5773024487
1483.0,24.2441978678
1484.0,24.5424091647
1485.0,23.7011592946
1486.0,23.238174147
1487.0,25.3762846948
1488.0,23.3916488219
1489.0,23.3205938399
1490.0,23.6863748571
1491.0,22.5101206073
1492.0,23.1100250739
1493.0,23.2061819733
1494.0,23.5447066683
1495.0,24.6415999346
1496.0,23.1009329145
1497.0,23.5576454583
1498.0,23.4493860945
1499.0,25.2934279291
1500.0,24.7490217722
1501.0,25.8327523642
1502.0,22.7484114659
1503.0,23.7278415352
1504.0,23.4505277944
1505.0,25.0227036603
1506.0,23.6441342721
1507.0,24.8545000967
1508.0,24.4385783674
1509.0,22.7077298353
1510.0,24.1899535143
1511.0,23.3829187828
1512.0,23.3684695576
1513.0,25.1783556048
1514.0,22.7733551158
1515.0,23.4345058344
1516.0,22.7213269433
1517.0,25.037760108
1518.0,22.9272259726
1519.0,23.2160161879
1520.0,25.2332705827
1521.0,25.0807637158
1522.0,23.0419837141
1523.0,25.5766901599
1524.0,24.8491850555
1525.0,24.1422537238
1526.0,22.6658208968
1527.0,24.9108834025
1528.0,25.1782052857
1529.0,22.9808065377
1530.0,24.6678596177
1531.0,23.7828131523
1532.0,23.7267852895
1533.0,23.3830864177
1534.0,22.8845724149
1535.0,22.4834811977
1536.0,23.6384548001
1537.0,24.5201851106
1538.0,25.6349414683
1539.0,23.7818977353
1540.0,24.6778589686
1541.0,24.8033830691
1542.0,24.8150254196
1543.0,24.8850156782
1544.0,22.5582728986
1545.0,24.6274314139
1546.0,24.7971073119
1547.0,24.6471346423
1548.0,25.086527649
1549.0,25.2903217915
1550.0,23.1672538376
1551.0,23.8335614358
1552.0,22.3187667959
1553.0,23.4026861258
1554.0,24.2850905589
1555.0,23.0314148369
1556.0,24.2728047937
1557.0,23.130943429
1558.0,23.1576760555
1559.0,23.4425922412
1560.0,22.621237827
1561.0,22.6075468538
1562.0,25.2487235011
1563.0,25.4523038166
1564.0,24.8066987138
1565.0,24.7152430054
1566.0,23.9865663068
1567.0,22.8476488737
1568.0,24.4440152293
1569.0,24.6781856542
1570.0,24.2778996412
1571.0,23.5273207619
1572.0,24.2053615049
1573.0,25.1995205196
1574.0,22.760848844
1575.0,23.7466294997
1576.0,24.8003660131
1577.0,24.6459418429
1578.0,23.2619559972
1579.0,23.5996500014
1580.0,23.4674497932
1581.0,24.2713796985
1582.0,25.1719252337
1583.0,23.4168316235
1584.0,25.3172687332
1585.0,25.107275158
1586.0,25.346974057
1587.0,25.4693566073
1588.0,23.4288011269
1589.0,25.1217769454
1590.0,24.6696194922
1591.0,23.5999377925
1592.0,23.5204200166
1593.0,25.1959082112
1594.0,22.78404811
1595.0,24.6714364105
1596.0,24.8900630713
1597.0,24.7298767392
1598.0,22.7259144274
1599.0,24.0192197238
1600.0,22.6044884953
1601.0,24.7862699195
1602.0,23.1985245528
1603.0,24.7270954825
1604.0,23.9081389122
1605.0,23.341888106
1606.0,24.3108698751
1607.0,22.789414523
1608.0,23.0105926284
1609.0,24.9634494534
1610.0,22.6026198407
1611.0,23.5195979922
1612.0,22.8969299648
1613.0,22.8990459264
1614.0,24.3648108657
1615.0,23.0734801443
1616.0,23.0821635177
1617.0,24.7720098614
1618.0,24.6185361605
1619.0,23.5658893774
1620.0,23.131075629
1621.0,23.2213097566
1622.0,23.3136449128
1623.0,22.5226088841
1624.0,25.1861524943
1625.0,23.0231229844
1626.0,23.0166842354
1627.0,25.1611059053
1628.0,24.3059611948
1629.0,23.0140084514
1630.0,22.7743365686
1631.0,24.388468364
1632.0,25.2426123129
1633.0,23.5236415106
1634.0,23.2927387875
1635.0,23.9533116331
1636.0,24.5243587665
1637.0,23.5061730695
1638.0,24.6428092966
1639.0,24.356156556
1640.0,23.9815917316
1641.0,24.9214465224
1642.0,23.6948532342
1643.0,24.9377773351
1644.0,22.8654018948
1645.0,24.9624598685
1646.0,22.8633119897
1647.0,23.2912510909
1648.0,23.6495561804
1649.0,25.2258554509
1650.0,22.7594072939
1651.0,23.5910086468
1652.0,24.6938232516
1653.0,22.3890542141
1654.0,25.1015238915
1655.0,24.7102907726
1656.0,22.6655027894
1657.0,23.8053133801
1658.0,22.9476664222
1659.0,23.1591209123
1660.0,24.6710072115
1661.0,24.6253721261
1662.0,24.7510632682
1663.0,23.7990230318
1664.0,23.7288970945
1665.0,23.2235185631
1666.0,24.102277184
1667.0,22.9733695225
1668.0,23.715243597
1669.0,25.4541105927
1670.0,22.6847056561
1671.0,23.9652358185
1672.0,22.3447036316
1673.0,23.5098592077
1674.0,23.6968370758
1675.0,23.4381135397
1676.0,23.5104482646
1677.0,23.4650478008
1678.0,24.8715990081
1679.0,23.4342558649
1680.0,23.659891855
1681.0,23.8917963817
1682.0,23.4381907038
1683.0,24.3243320274
1684.0,23.8604203336
1685.0,24.6558695878
1686.0,23.2269013943
1687.0,24.61972576
1688.0,23.6789357255
1689.0,24.62927983
1690.0,23.8499058355
1691.0,24.8143501076
1692.0,24.5475716645
1693.0,25.3223267739
1694.0,22.752586627
1695.0,25.2322047523
1696.0,23.7956446156
1697.0,23.2101862087
1698.0,22.6937298428
1699.0,23.3273683488
1700.0,22.5875043909
1701.0,24.4840612504
1702.0,23.4213044582
1703.0,23.6447480429
1704.0,23.7389199543
1705.0,24.9260110909
1706.0,22.5649654518
1707.0,22.5052018057
1708.0,24.7491590928
1709.0,23.1667472274
1710.0,25.36927664
1711.0,23.2804171557
1712.0,22.3815983103
1713.0,23.2427892509
1714.0,24.4703949841
1715.0,23.0346467822
1716.0,24.7276629942
1717.0,24.9259101565
1718.0,25.6902336464
1719.0,24.7344434473
1720.0,24.3726720922
1721.0,23.4551090099
1722.0,25.4479035004
1723.0,23.7529830933
1724.0,24.8710610859
1725.0,23.831070259
1726.0,23.0641306298
1727.0,22.6855251548
1728.0,24.454233865
1729.0,23.4534975291
1730.0,23.575560847
1731.0,23.1530806354
1732.0,23.2396844492
1733.0,23.7711235421
1734.0,24.4799522456
1735.0,23.7019227328
1736.0,25.0541502474
1737.0,23.0394646951
1738.0,22.9373048407
1739.0,23.9189660486
1740.0,22.6929780339
1741.0,24.8065575818
1742.0,22.9682974063
1743.0,23.6272462131
1744.0,23.4791090342
1745.0,24.4731755479
1746.0,22.7069910941
1747.0,22.9247639732
1748.0,24.3211422714
1749.0,24.4494576779
1750.0,24.600815383
1751.0,23.653808515
1752.0,22.8815641742
1753.0,23.5411620506
1754.0,22.7371718999
1755.0,22.4212577884
1756.0,24.4201111553
1757.0,22.6090226906
1758.0,24.8288003909
1759.0,23.6900609934
1760.0,25.6099793963
1761.0,23.1182009412
1762.0,24.6347340143
1763.0,22.6962495042
1764.0,24.4929617385
1765.0,24.5663825456
1766.0,24.6184173146
1767.0,25.0729230056
1768.0,23.6179334172
1769.0,23.6839109619
1770.0,22.9122190174
1771.0,23.7483646415
1772.0,23.3692980964
1773.0,24.0143426028
1774.0,23.0455730558
1775.0,24.5563991302
1776.0,22.534080556
1777.0,24.4892229155
1778.0,24.9517482553
1779.0,24.4173545146
1780.0,23.0941248425
1781.0,23.8078233057
1782.0,22.9273452428
1783.0,23.1817456678
1784.0,22.4997659232
1785.0,23.5075414245
1786.0,22.9159367237
1787.0,22.4773248316
1788.0,22.9445941441
1789.0,23.2016276876
1790.0,23.2898753515
1791.0,22.5797269512
1792.0,25.1453900323
1793.0,25.1407405457
1794.0,22.8956896309
1795.0,23.5941639197
1796.0,23.8958104493
1797.0,24.5697728827
1798.0,22.4312849554
1799.0,24.3838608876
1800.0,23.1531696501
1801.0,24.8633028547
1802.0,24.6310855548
1803.0,23.7796483704
1804.0,24.0339315806
1805.0,23.2880837198
1806.0,25.2800748454
1807.0,25.0804036154
1808.0,23.2972148434
1809.0,23.6891461452
1810.0,23.5921469446
1811.0,23.1615944074
1812.0,23.281022947
1813.0,24.2813533935
1814.0,25.1300261757
1815.0,23.4136501789
1816.0,25.0530301764
1817.0,24.8508822953
1818.0,23.1890358129
1819.0,25.0017831806
1820.0,22.5583592533
1821.0,23.139559794
1822.0,25.0717777374
1823.0,24.9948364006
1824.0,24.1099004816
1825.0,22.662305356
1826.0,23.6001950519
1827.0,25.2801948292
1828.0,23.5054387609
1829.0,24.6642980001
1830.0,24.8570132492
1831.0,22.8400179666
1832.0,22.5954651662
1833.0,23.3568761027
1834.0,23.9866920519
1835.0,24.6458713064
1836.0,24.5978762872
1837.0,22.7648598079
1838.0,25.363936308
1839.0,23.2705311591
1840.0,23.0127635485
1841.0,23.2162788154
1842.0,23.4226123489
1843.0,24.7841400203
1844.0,24.014081474
1845.0,22.9461774966
1846.0,24.3554227299
1847.0,25.1951655325
1848.0,23.6998776136
1849.0,23.301186815
1850.0,23.0332268913
1851.0,22.8223809295
1852.0,23.9034925708
1853.0,22.8477671135
1854.0,23.5451897548
1855.0,23.3935498952
1856.0,23.6275042263
1857.0,23.5382801073
1858.0,22.7795283216
1859.0,23.2464687427
1860.0,22.7604131357
1861.0,24.5672140237
1862.0,24.5926949053
1863.0,25.5278278532
1864.0,24.6726044789
1865.0,22.9472855028
1866.0,24.84372792
1867.0,25.3861309854
1868.0,22.5730842479
1869.0,23.3135751464
1870.0,23.2281636423
1871.0,25.3134828115
1872.0,23.700233087
1873.0,24.4383627684
1874.0,24.7150407767
1875.0,24.2445478633
1876.0,22.8580919348
1877.0,23.6475656509
1878.0,23.829202694
1879.0,24.294701263
1880.0,23.2503158147
1881.0,24.4200323451
1882.0,24.2757880419
1883.0,22.8831223646
1884.0,22.6777877061
1885.0,23.0100884459
1886.0,23.4760575994
1887.0,23.2386102232
1888.0,25.2179832577
1889.0,25.296208403
1890.0,22.8342085079
1891.0,23.4233791416
1892.0,25.2780934918
1893.0,25.3130327349
1894.0,22.8754196668
1895.0,25.2119816851
1896.0,23.3763437294
1897.0,22.7980504799
1898.0,23.714978887
1899.0,24.7542480221
1900.0,23.635803458
1901.0,25.0682416394
1902.0,24.0355778695
1903.0,24.5401296663
1904.0,24.5739627458
1905.0,24.4826636002
1906.0,23.6442018622
1907.0,23.5482429494
1908.0,23.7802500936
1909.0,23.0610243748
1910.0,25.0547294689
1911.0,24.802693772
1912.0,23.5310605696
1913.0,22.8502088353
1914.0,24.0219540032
1915.0,25.4298589853
1916.0,22.5265438924
1917.0,23.2555918051
1918.0,25.4801071221
1919.0,24.4312520869
1920.0,23.5858073202
1921.0,22.9313054648
1922.0,25.1899095705
1923.0,22.9972223024
1924.0,24.2013891658
1925.0,23.6335915918
1926.0,22.6086058717
1927.0,22.5726057638
1928.0,23.5477959657
1929.0,23.4201480155
1930.0,24.6297374525
1931.0,23.7612462223
1932.0,23.1389358311
1933.0,23.224829993
1934.0,23.5666401732
1935.0,23.1440418237
1936.0,24.4681367352
1937.0,23.8400064455
1938.0,22.7590892906
1939.0,23.6887317649
1940.0,24.5141763159
1941.0,23.4879171721
1942.0,22.8501424934
1943.0,24.9852751814
1944.0,23.1833360351
1945.0,24.8413349756
1946.0,25.6478174702
1947.0,23.1551610024
1948.0,22.6866045273
1949.0,22.8895255381
1950.0,22.7078511402
1951.0,25.2678436502
1952.0,24.7734916603
1953.0,24.8390052641
1954.0,23.2175319974
1955.0,23.6457929663
1956.0,24.6087951282
1957.0,22.7151408761
1958.0,23.2702692613
1959.0,23.5510853658
1960.0,24.618406372
1961.0,23.5259665481
1962.0,23.149928463
1963.0,23.6186097301
1964.0,24.7111981522
1965.0,22.7972826109
1966.0,23.7642183057
1967.0,25.3832042146
1968.0,24.5910874841
1969.0,24.939090595
1970.0,23.61115509
1971.0,23.2268130188
1972.0,25.31168271
1973.0,24.8322247873
1974.0,23.4472795893
1975.0,22.8587879785
1976.0,24.3391915028
1977.0,22.9015234136
1978.0,23.214699616
1979.0,24.5490537369
1980.0,24.9995934864
1981.0,23.3011864628
1982.0,25.3290602149
1983.0,23.3007375193
1984.0,23.1252911264
1985.0,23.7749636565
1986.0,24.7397738758
1987.0,23.3643812467
1988.0,23.2694480323
1989.0,24.6669887821
1990.0,23.0467779869
1991.0,22.2673424449
1992.0,25.1575431509
1993.0,23.3558910755
1994.0,22.6609755104
1995.0,24.8119313669
1996.0,22.5560700583
1997.0,23.4757320783
1998.0,24.757532247
1999.0,23.0968286764
2000.0,22.7452702125
2001.0,24.1189425116
2002.0,23.7829970347
2003.0,24.9344310943
2004.0,24.6520782293
2005.0,23.1832798102
2006.0,24.4761983882
2007.0,25.2347111611
2008.0,22.5492123076
2009.0,23.0064537583
2010.0,25.3191549381
2011.0,23.7259688456
2012.0,24.8494637115
2013.0,23.0547581088
2014.0,25.2328966198
2015.0,24.9482361239
2016.0,23.3348653238
2017.0,24.9644608011
2018.0,23.4427518739
2019.0,24.6424903895
2020.0,24.8402775772
2021.0,24.7964126064
2022.0,24.2230483087
2023.0,22.5653419457
2024.0,24.5885547086
2025.0,25.6137890665
2026.0,25.5165385528
2027.0,25.3340195708
2028.0,24.1797925045
2029.0,24.1264671862
2030.0,23.9760440758
2031.0,24.485627432
2032.0,23.194858234
2033.0,24.1653969871
2034.0,23.5858059299
2035.0,24.3922446001
2036.0,24.998839568
2037.0,23.0101228755
2038.0,22.557543762
2039.0,23.4274693346
2040.0,24.351706266
2041.0,23.3897866547
2042.0,25.1086750906
2043.0,24.0217174378
2044.0,25.2651568682
2045.0,25.1437567217
2046.0,24.5416656602
2047.0,24.456281922
2048.0,23.749579962
2049.0,25.0243228075
2050.0,24.7132514765
2051.0,22.5999918329
2052.0,23.2490463461
2053.0,23.3845921972
2054.0,25.2613191352
2055.0,24.9886576629
2056.0,22.5936063146
2057.0,25.2566379625
2058.0,23.5647709175
2059.0,24.3756596179
2060.0,23.7563628751
2061.0,25.5078317348
2062.0,25.3630554071
2063.0,22.739346644
2064.0,22.4630489815
2065.0,23.4163102572
2066.0,22.6887450714
2067.0,24.2151695335
2068.0,25.2293271545
2069.0,24.8392329358
2070.0,23.271802797
2071.0,23.0186088684
2072.0,23.4540551498
2073.0,24.851640858
2074.0,24.7326606552
2075.0,24.329431246
2076.0,23.3788544461
2077.0,23.0719008553
2078.0,22.9747912391
2079.0,23.1987843882
2080.0,25.3284226261
2081.0,24.8004948183
2082.0,23.8687691771
2083.0,22.9837881257
2084.0,22.9507519762
2085.0,24.4537946606
2086.0,23.7565352159
2087.0,23.5774202361
2088.0,24.5126660369
2089.0,22.8008538544
2090.0,22.9005237303
2091.0,22.7813366546
2092.0,23.0395578502
2093.0,23.2479812541
2094.0,22.7329595573
2095.0,24.4232979228
2096.0,24.4115509931
2097.0,24.5987687854
2098.0,22.543416629
2099.0,24.6220165164
2100.0,23.1450396285
2101.0,23.5179457165
2102.0,22.8456396389
2103.0,24.4682563025
2104.0,23.1228363564
2105.0,23.6240649435
2106.0,24.8531451928
2107.0,24.8714159918
2108.0,22.5745747605
2109.0,23.1662262582
2110.0,23.4724872046
2111.0,23.4600632659
2112.0,23.6817187266
2113.0,23.172656794
2114.0,23.6911547601
2115.0,25.067005641
2116.0,23.3272123988
2117.0,22.9776954155
2118.0,22.643876565
2119.0,23.2147472709
2120.0,24.6711780904
2121.0,24.0405106615
2122.0,24.385540174
2123.0,22.5507181886
2124.0,23.5469766407
2125.0,22.4902872019
2126.0,24.7186658917
2127.0,24.7677842425
2128.0,23.5326443384
2129.0,24.8223444343
2130.0,23.7331426029
2131.0,23.1537340402
2132.0,25.1627387434
2133.0,22.8484835288
2134.0,23.1169946973
2135.0,24.5463545892
2136.0,24.9741557318
2137.0,23.3916422177
2138.0,23.4921402544
2139.0,25.018333906
2140.0,24.8009312068
2141.0,23.1814363884
2142.0,23.0767599489
2143.0,24.8980731952
2144.0,23.3242810121
2145.0,24.0244885718
2146.0,22.8201639399
2147.0,25.4402914314
2148.0,24.1750398795
2149.0,24.5581554079
2150.0,24.8893386071
2151.0,23.0589415719
2152.0,24.1807782283
2153.0,25.1355672571
2154.0,24.3237158743
2155.0,23.0233409381
2156.0,25.0194406521
2157.0,22.9074459321
2158.0,24.9321905647
2159.0,23.5680614124
2160.0,24.8661895199
2161.0,22.7284382311
2162.0,24.3921148071
2163.0,23.8791483222
2164.0,23.3518398858
2165.0,24.8330678063
2166.0,25.0641980292
2167.0,23.8379887666
2168.0,24.8817108766
2169.0,25.1278485491
2170.0,24.2457615132
2171.0,23.1373730049
2172.0,24.6747258645
2173.0,24.7628234665
2174.0,25.2050770669
2175.0,25.2823468954
2176.0,24.015392962
2177.0,24.6931395606
2178.0,24.7057012524
2179.0,22.696490965
2180.0,23.7292241193
2181.0,23.4334372361
2182.0,25.1710640885
2183.0,24.4950952551
2184.0,23.4545083868
2185.0,24.5430697665
2186.0,23.2761061496
2187.0,24.0089790026
2188.0,24.6744155985
2189.0,24.5085070544
2190.0,23.6640519309
2191.0,23.0723528978
2192.0,24.9312130124
2193.0,23.2790052532
2194.0,22.9263376638
2195.0,25.3922106386
2196.0,24.0707142662
2197.0,23.0251516606
2198.0,25.1491179467
2199.0,23.4913003178
2200.0,24.7148057849
2201.0,23.6735226243
2202.0,24.5383177199
2203.0,25.0672302147
2204.0,23.0219457882
2205.0,24.5056047469
2206.0,23.8061986873
2207.0,24.3660959791
2208.0,24.7075049066
2209.0,25.0306012257
2210.0,25.2537529871
2211.0,24.258559581
2212.0,24.5141831503
2213.0,22.7909937345
2214.0,23.8893502252
2215.0,23.6221459577
2216.0,23.7310979208
2217.0,23.3322853133
2218.0,24.9895213774
2219.0,22.702370455
2220.0,25.0525848789
2221.0,24.2376647232
2222.0,22.9206444174
2223.0,23.9153276896
2224.0,23.8348599087
2225.0,25.4592363269
2226.0,22.648223499
2227.0,23.5679682278
2228.0,25.2478288668
2229.0,22.4569938934
2230.0,23.0358870243
2231.0,22.6136752788
2232.0,24.4002874065
2233.0,24.8140714616
2234.0,22.6487010709
2235.0,24.7002127798
2236.0,23.021460135
2237.0,22.6692833376
2238.0,25.4054510751
2239.0,24.6911105762
2240.0,22.8911923034
2241.0,22.540701195
2242.0,23.2106232979
2243.0,25.0434656245
2244.0,23.6576006829
2245.0,24.253447477
2246.0,22.6461942932
2247.0,24.761179883
2248.0,23.5922537547
2249.0,24.7897000316
2250.0,22.8299097604
2251.0,23.4774832819
2252.0,25.0196232983
2253.0,23.3647618345
2254.0,22.7467818494
2255.0,25.3277163531
2256.0,23.6151230597
2257.0,24.6362476486
2258.0,23.6044073407
2259.0,23.6842848465
2260.0,24.0987554418
2261.0,23.4835397023
2262.0,22.5839764792
2263.0,24.1261737869
2264.0,23.511780332
2265.0,24.3641681223
2266.0,23.337275476
2267.0,25.3073666528
2268.0,23.0446973757
2269.0,22.7289771887
2270.0,25.415383869
2271.0,25.2903735805
2272.0,25.5223284847
2273.0,22.9101057396
2274.0,24.1405059287
2275.0,24.5909199533
2276.0,23.740742331
2277.0,25.4311940249
2278.0,25.1403454998
2279.0,25.065183988
2280.0,23.8900379378
2281.0,23.8765229072
2282.0,24.3796424728
2283.0,23.3988617376
2284.0,25.3268924275
2285.0,23.7039010727
2286.0,23.7164157097
2287.0,23.4884227683
2288.0,24.8784380352
2289.0,24.9119239617
2290.0,23.2668256001
2291.0,23.4017675316
2292.0,24.4722778026
2293.0,25.2241082493
2294.0,23.2160077838
2295.0,23.2619352946
2296.0,22.5922786543
2297.0,25.3002045737
2298.0,25.2798982204
2299.0,24.4975715685
2300.0,25.1169874691
2301.0,24.3746569989
2302.0,23.4389206224
2303.0,23.0365216352
2304.0,25.1744649812
2305.0,24.7036787381
2306.0,23.3808343331
2307.0,23.2002975975
2308.0,23.336529101
2309.0,22.7759589597
2310.0,24.2239646581
2311.0,23.097918121
2312.0,23.1315463319
2313.0,23.7946567528
2314.0,23.6277411967
2315.0,22.434486309
2316.0,25.2327954724
2317.0,24.8733812358
2318.0,23.5134010469
2319.0,23.2129880931
2320.0,23.9774725315
2321.0,23.3026285679
2322.0,22.5654113497
2323.0,22.5857662026
2324.0,22.8655411249
2325.0,23.5921897105
2326.0,24.6778245979
2327.0,24.4750343992
2328.0,22.719658373
2329.0,22.9285528168
2330.0,24.7570192596
2331.0,24.0682429736
2332.0,24.5637433532
2333.0,22.9761535811
2334.0,24.7896269381
2335.0,23.5477430063
2336.0,24.820025399
2337.0,24.176078386
2338.0,24.2428443195
2339.0,22.8285540615
2340.0,23.2026271462
2341.0,25.396479456
2342.0,24.541133941
2343.0,25.121095641
2344.0,23.2304778145
2345.0,24.9323694503
2346.0,23.7853911839
2347.0,25.4145010035
2348.0,25.2038411037
2349.0,23.707473136
2350.0,22.7827205219
2351.0,23.6853890101
2352.0,23.3606723089
2353.0,23.4334192387
2354.0,22.6696904317
2355.0,23.5587454047
2356.0,25.1120524813
2357.0,24.1973620024
2358.0,24.2777479913
2359.0,23.7067177246
2360.0,25.5453682956
2361.0,23.2594354031
2362.0,24.749655102
2363.0,25.2492142502
2364.0,23.6309143337
2365.0,22.8489277557
2366.0,22.6956720275
2367.0,23.2300382266
2368.0,24.7144713364
2369.0,24.3679475867
2370.0,23.0240358405
2371.0,24.6201619083
2372.0,24.0368601734
2373.0,24.9494269932
2374.0,23.8429683535
2375.0,24.3948134649
2376.0,23.3215970511
2377.0,24.6389190421
2378.0,24.671853977
2379.0,24.8676106255
2380.0,22.8452345336
2381.0,25.1569159127
2382.0,23.5196582917
2383.0,24.2717093966
2384.0,23.9929920736
2385.0,24.6122625534
2386.0,22.5309659568
2387.0,24.5648700647
2388.0,24.4464116068
2389.0,22.2952209773
2390.0,24.3853638044
2391.0,23.8913161506
2392.0,23.5430620924
