# id,Prediction
1.0,23.235263
2.0,24.9771055
3.0,25.7397365
4.0,24.8623685
5.0,25.073684
6.0,25.244474
7.0,22.87
8.0,25.516842
9.0,23.6957895
10.0,25.482105
11.0,22.752105
12.0,23.511053
13.0,24.677368
14.0,24.135
15.0,25.244474
16.0,22.87
17.0,23.967895
18.0,25.516842
19.0,22.866316
20.0,24.677368
21.0,24.821842
22.0,25.482105
23.0,22.777895
24.0,23.728421
25.0,24.3
26.0,24.124737
27.0,23.186842
28.0,22.806316
29.0,23.584211
30.0,23.791053
31.0,24.217895
32.0,25.668947
33.0,22.752105
34.0,23.041053
35.0,23.0310525
36.0,25.7397365
37.0,25.453158
38.0,23.747895
39.0,23.6247365
40.0,23.513684
41.0,24.5863155
42.0,24.520526
43.0,23.3813155
44.0,23.386316
45.0,22.905263
46.0,23.6957895
47.0,23.368947
48.0,23.513684
49.0,22.752105
50.0,23.3813155
51.0,23.663158
52.0,22.844737
53.0,23.513684
54.0,23.109474
55.0,22.844737
56.0,24.985
57.0,22.87
58.0,22.752105
59.0,23.426316
60.0,23.386316
61.0,23.2039475
62.0,25.7397365
63.0,23.5610525
64.0,23.5610525
65.0,22.97
66.0,24.520526
67.0,24.477895
68.0,24.9771055
69.0,23.192895
70.0,23.819474
71.0,23.170526
72.0,25.244474
73.0,24.5863155
74.0,23.1460525
75.0,24.8623685
76.0,25.244474
77.0,22.87
78.0,25.244474
79.0,23.242895
80.0,24.405263
81.0,24.702105
82.0,24.2589475
83.0,24.725789
84.0,23.663158
85.0,24.124737
86.0,23.386316
87.0,24.8623685
88.0,25.204211
89.0,23.2028945
90.0,23.170526
91.0,22.752105
92.0,25.104737
93.0,25.516842
94.0,23.511053
95.0,25.668947
96.0,22.905263
97.0,24.278947
98.0,23.2292105
99.0,22.752105
100.0,22.820526
101.0,23.0657895
102.0,23.3813155
103.0,23.924737
104.0,23.2292105
105.0,23.3763155
106.0,23.068158
107.0,25.073684
108.0,25.482105
109.0,23.3813155
110.0,24.677368
111.0,22.5842105
112.0,24.5863155
113.0,22.777895
114.0,25.361579
115.0,25.244474
116.0,22.6821055
117.0,23.620526
118.0,24.008421
119.0,23.3763155
120.0,25.062105
121.0,22.752105
122.0,24.632105
123.0,24.677368
124.0,24.677368
125.0,22.187895
126.0,23.3813155
127.0,24.124737
128.0,22.87
129.0,22.777895
130.0,23.013684
131.0,24.4292105
132.0,23.3813155
133.0,24.99
134.0,22.905263
135.0,24.4886845
136.0,22.752105
137.0,25.361579
138.0,23.269474
139.0,24.4555265
140.0,23.5610525
141.0,24.311579
142.0,24.590526
143.0,22.97
144.0,23.3813155
145.0,23.513684
146.0,24.145263
147.0,25.482105
148.0,24.702105
149.0,22.873684
150.0,24.4023685
151.0,22.844737
152.0,25.244474
153.0,23.386316
154.0,24.4192105
155.0,22.752105
156.0,23.238947
157.0,22.932632
158.0,24.4292105
159.0,24.957895
160.0,23.997368
161.0,24.590526
162.0,25.213684
163.0,23.6247365
164.0,23.267368
165.0,22.676316
166.0,23.386316
167.0,24.590526
168.0,23.5610525
169.0,22.87
170.0,25.104737
171.0,23.747895
172.0,25.482105
173.0,24.811842
174.0,24.677368
175.0,23.170526
176.0,22.752105
177.0,22.6821055
178.0,23.900263
179.0,22.752105
180.0,24.520526
181.0,23.6247365
182.0,23.3763155
183.0,25.073684
184.0,23.192895
185.0,22.521579
186.0,23.041053
187.0,23.513684
188.0,24.145263
189.0,22.87
190.0,23.041053
191.0,23.186842
192.0,24.292105
193.0,22.905263
194.0,24.5863155
195.0,24.405263
196.0,24.278947
197.0,23.64
198.0,23.2557895
199.0,23.3813155
200.0,23.368947
201.0,23.386316
202.0,25.054737
203.0,23.2292105
204.0,23.481579
205.0,23.3763155
206.0,23.242895
207.0,23.3813155
208.0,23.186842
209.0,24.677368
210.0,23.663158
211.0,24.702105
212.0,22.9336845
213.0,25.244474
214.0,23.386316
215.0,23.8339475
216.0,23.513684
217.0,25.482105
218.0,23.368947
219.0,25.244474
220.0,24.702105
221.0,22.905263
222.0,23.85
223.0,22.6492105
224.0,23.6247365
225.0,24.677368
226.0,23.2557895
227.0,25.316842
228.0,24.5636845
229.0,23.0310525
230.0,23.880263
231.0,25.073684
232.0,24.9989475
233.0,23.432632
234.0,23.960263
235.0,22.905263
236.0,24.712105
237.0,22.8126315
238.0,23.170526
239.0,23.2028945
240.0,24.3823685
241.0,23.709474
242.0,24.094737
243.0,22.932632
244.0,24.677368
245.0,23.170526
246.0,23.386316
247.0,23.4723685
248.0,23.3763155
249.0,24.4886845
250.0,23.104737
251.0,24.405263
252.0,23.6957895
253.0,22.6821055
254.0,23.2028945
255.0,23.6957895
256.0,22.932632
257.0,24.135
258.0,23.041053
259.0,23.31
260.0,23.192895
261.0,24.8623685
262.0,25.482105
263.0,23.064211
264.0,25.213684
265.0,23.2292105
266.0,23.386316
267.0,22.676316
268.0,25.244474
269.0,24.310526
270.0,23.393684
271.0,23.399474
272.0,25.104737
273.0,24.652632
274.0,24.278947
275.0,24.745789
276.0,23.646842
277.0,23.924737
278.0,24.2410525
279.0,25.244474
280.0,25.213684
281.0,25.213684
282.0,25.244474
283.0,24.8623685
284.0,24.985
285.0,22.87
286.0,23.109474
287.0,24.511579
288.0,24.2410525
289.0,22.6492105
290.0,22.752105
291.0,22.8126315
292.0,23.7592105
293.0,23.3763155
294.0,25.008421
295.0,22.806316
296.0,23.326316
297.0,23.511053
298.0,24.748421
299.0,22.777895
300.0,23.235263
301.0,24.8623685
302.0,25.482105
303.0,22.8063155
304.0,23.425789
305.0,23.697895
306.0,23.646842
307.0,23.791053
308.0,25.516842
309.0,25.453158
310.0,23.109474
311.0,25.7397365
312.0,24.8623685
313.0,24.444737
314.0,22.9336845
315.0,22.905263
316.0,23.2028945
317.0,23.2028945
318.0,25.516842
319.0,22.6492105
320.0,23.900263
321.0,23.109474
322.0,22.813684
323.0,23.170526
324.0,24.677368
325.0,22.932632
326.0,24.405263
327.0,24.702105
328.0,24.008421
329.0,23.841579
330.0,24.5863155
331.0,24.5863155
332.0,25.073684
333.0,23.3763155
334.0,24.957895
335.0,25.7397365
336.0,22.844737
337.0,23.8339475
338.0,24.677368
339.0,23.513684
340.0,24.4886845
341.0,23.109474
342.0,23.386316
343.0,23.5610525
344.0,23.3813155
345.0,23.3813155
346.0,25.244474
347.0,25.244474
348.0,23.104737
349.0,22.6821055
350.0,23.192895
351.0,23.2028945
352.0,23.068158
353.0,24.657368
354.0,23.386316
355.0,25.564737
356.0,25.244474
357.0,24.405263
358.0,23.368947
359.0,22.813684
360.0,23.386316
361.0,22.676316
362.0,22.932632
363.0,24.5863155
364.0,24.702105
365.0,25.244474
366.0,23.646842
367.0,25.365
368.0,23.041053
369.0,22.752105
370.0,23.3763155
371.0,25.104737
372.0,23.663158
373.0,23.013684
374.0,24.677368
375.0,24.14
376.0,23.841579
377.0,24.4886845
378.0,24.8731575
379.0,22.844737
380.0,24.590526
381.0,22.806316
382.0,22.777895
383.0,24.784474
384.0,22.9336845
385.0,24.677368
386.0,23.6247365
387.0,24.405263
388.0,23.186842
389.0,22.468421
390.0,23.481579
391.0,23.235263
392.0,24.4192105
393.0,24.135
394.0,25.482105
395.0,23.302105
396.0,22.777895
397.0,25.088947
398.0,24.8623685
399.0,23.515263
400.0,24.652632
401.0,24.8623685
402.0,24.4886845
403.0,23.2292105
404.0,24.2523685
405.0,23.9044735
406.0,24.030526
407.0,22.6492105
408.0,22.6821055
409.0,23.919474
410.0,23.386316
411.0,24.725789
412.0,24.4192105
413.0,23.608421
414.0,23.5802635
415.0,25.482105
416.0,25.361579
417.0,22.898947
418.0,25.361579
419.0,24.444737
420.0,24.030526
421.0,24.053158
422.0,22.9023685
423.0,24.677368
424.0,25.073684
425.0,22.844737
426.0,23.242895
427.0,23.5594735
428.0,23.399474
429.0,22.905263
430.0,24.856316
431.0,23.170526
432.0,24.147368
433.0,23.1723685
434.0,24.8623685
435.0,23.663158
436.0,23.6957895
437.0,24.99
438.0,23.791053
439.0,25.062105
440.0,24.124737
441.0,25.244474
442.0,23.041053
443.0,23.646842
444.0,24.677368
445.0,22.752105
446.0,23.139474
447.0,24.8623685
448.0,24.046579
449.0,23.386316
450.0,25.19
451.0,23.170526
452.0,25.316842
453.0,25.244737
454.0,24.702105
455.0,24.677368
456.0,24.135
457.0,24.8623685
458.0,22.777895
459.0,25.516842
460.0,24.916316
461.0,24.008421
462.0,24.4023685
463.0,22.905263
464.0,23.104737
465.0,23.192895
466.0,22.752105
467.0,23.235263
468.0,23.96
469.0,22.752105
470.0,23.841579
471.0,24.677368
472.0,23.267368
473.0,23.0507895
474.0,23.697895
475.0,22.848421
476.0,25.516842
477.0,24.985
478.0,23.907895
479.0,24.856316
480.0,23.747895
481.0,22.905263
482.0,25.073684
483.0,23.364737
484.0,23.242895
485.0,23.186842
486.0,23.477895
487.0,24.008421
488.0,23.386316
489.0,23.386316
490.0,24.702105
491.0,23.186842
492.0,23.646842
493.0,24.414737
494.0,22.806316
495.0,23.841579
496.0,22.5842105
497.0,22.9336845
498.0,23.6957895
499.0,23.8339475
500.0,25.7397365
501.0,24.405263
502.0,23.6247365
503.0,22.9336845
504.0,23.104737
505.0,22.844737
506.0,25.361579
507.0,24.7742105
508.0,25.073684
509.0,22.932632
510.0,24.145263
511.0,23.795263
512.0,24.008421
513.0,24.414737
514.0,25.213684
515.0,24.018947
516.0,22.806316
517.0,25.516842
518.0,23.0310525
519.0,23.880263
520.0,22.873684
521.0,25.516842
522.0,22.6821055
523.0,24.018947
524.0,23.584211
525.0,22.905263
526.0,22.844737
527.0,24.310526
528.0,22.8063155
529.0,24.8623685
530.0,22.752105
531.0,22.9336845
532.0,22.777895
533.0,24.677368
534.0,24.957895
535.0,23.513684
536.0,23.411579
537.0,25.244474
538.0,23.8339475
539.0,25.244474
540.0,23.3763155
541.0,22.844737
542.0,25.293684
543.0,24.8623685
544.0,25.244474
545.0,23.386316
546.0,24.528947
547.0,22.87
548.0,23.041053
549.0,24.008421
550.0,23.646842
551.0,23.2028945
552.0,23.104737
553.0,23.8910525
554.0,24.4192105
555.0,23.841579
556.0,23.5594735
557.0,24.136316
558.0,24.7742105
559.0,24.4192105
560.0,23.386316
561.0,23.663158
562.0,25.482105
563.0,24.414737
564.0,24.5863155
565.0,25.244474
566.0,25.244474
567.0,23.192895
568.0,24.046579
569.0,22.752105
570.0,23.31
571.0,24.2523685
572.0,22.905263
573.0,24.748421
574.0,22.844737
575.0,23.041053
576.0,23.819474
577.0,23.104737
578.0,22.8126315
579.0,22.87
580.0,25.293684
581.0,22.820526
582.0,23.646842
583.0,23.0657895
584.0,22.752105
585.0,24.405263
586.0,23.9044735
587.0,23.513684
588.0,24.7742105
589.0,23.192895
590.0,25.088947
591.0,25.244474
592.0,25.073684
593.0,25.041579
594.0,24.4705265
595.0,22.676316
596.0,23.2028945
597.0,23.109474
598.0,23.608421
599.0,24.9989475
600.0,24.217895
601.0,23.3763155
602.0,25.244474
603.0,22.844737
604.0,23.3763155
605.0,23.386316
606.0,24.4192105
607.0,22.9336845
608.0,22.637368
609.0,23.386316
610.0,25.104737
611.0,23.513684
612.0,23.186842
613.0,23.960263
614.0,25.293684
615.0,23.199474
616.0,22.873684
617.0,22.924211
618.0,22.813684
619.0,22.905263
620.0,25.482105
621.0,22.87
622.0,22.905263
623.0,25.244474
624.0,24.590526
625.0,25.088947
626.0,23.170526
627.0,25.482105
628.0,23.2028945
629.0,25.244474
630.0,22.87
631.0,23.186842
632.0,23.384737
633.0,25.668947
634.0,24.513421
635.0,23.399474
636.0,22.777895
637.0,23.139474
638.0,22.87
639.0,23.99
640.0,24.66
641.0,24.058158
642.0,22.87
643.0,24.4555265
644.0,25.482105
645.0,23.5610525
646.0,24.3823685
647.0,24.008421
648.0,22.498158
649.0,23.2028945
650.0,22.752105
651.0,22.924211
652.0,23.368947
653.0,22.752105
654.0,24.856316
655.0,23.5610525
656.0,25.226842
657.0,22.844737
658.0,24.5863155
659.0,24.192632
660.0,23.0507895
661.0,24.717368
662.0,25.244474
663.0,25.0310525
664.0,24.66
665.0,24.4292105
666.0,22.97
667.0,23.5610525
668.0,23.386316
669.0,23.041053
670.0,22.593158
671.0,25.244474
672.0,24.008421
673.0,23.515263
674.0,23.6247365
675.0,23.192895
676.0,25.104737
677.0,25.041579
678.0,22.844737
679.0,24.590526
680.0,24.018947
681.0,25.365
682.0,23.6247365
683.0,23.068158
684.0,25.516842
685.0,24.677368
686.0,22.844737
687.0,22.905263
688.0,22.97
689.0,22.905263
690.0,24.513421
691.0,23.2028945
692.0,23.068158
693.0,22.905263
694.0,25.482105
695.0,23.041053
696.0,24.238947
697.0,24.856316
698.0,25.482105
699.0,25.516842
700.0,23.287895
701.0,23.032632
702.0,24.046579
703.0,24.598421
704.0,25.516842
705.0,22.905263
706.0,23.399474
707.0,23.8339475
708.0,22.9023685
709.0,22.777895
710.0,22.905263
711.0,23.3813155
712.0,23.109474
713.0,24.223684
714.0,23.386316
715.0,22.8126315
716.0,22.777895
717.0,22.854211
718.0,24.5863155
719.0,24.985
720.0,23.242895
721.0,23.2292105
722.0,24.217895
723.0,25.668947
724.0,22.932632
725.0,22.752105
726.0,23.2292105
727.0,24.008421
728.0,25.361579
729.0,23.386316
730.0,22.905263
731.0,25.482105
732.0,24.4705265
733.0,25.482105
734.0,23.3813155
735.0,24.528947
736.0,23.368947
737.0,23.57
738.0,25.516842
739.0,24.4192105
740.0,23.608421
741.0,25.244474
742.0,23.368947
743.0,23.747895
744.0,25.244474
745.0,25.244474
746.0,22.752105
747.0,22.844737
748.0,24.520526
749.0,22.844737
750.0,25.516842
751.0,25.073684
752.0,23.386316
753.0,23.386316
754.0,23.64
755.0,23.4918425
756.0,24.124737
757.0,23.1723685
758.0,23.747895
759.0,22.5842105
760.0,23.3763155
761.0,22.932632
762.0,23.8339475
763.0,25.104737
764.0,22.87
765.0,23.013684
766.0,23.5610525
767.0,23.646842
768.0,24.2589475
769.0,24.9771055
770.0,24.4886845
771.0,22.996842
772.0,23.924737
773.0,25.482105
774.0,25.482105
775.0,24.2523685
776.0,23.747895
777.0,24.223684
778.0,24.677368
779.0,22.87
780.0,25.516842
781.0,24.528947
782.0,23.791053
783.0,23.386316
784.0,22.8126315
785.0,22.806316
786.0,23.2028945
787.0,23.386316
788.0,24.14
789.0,23.5610525
790.0,24.511579
791.0,24.135
792.0,22.813684
793.0,25.244474
794.0,24.957895
795.0,25.154211
796.0,23.2028945
797.0,25.154211
798.0,22.752105
799.0,23.1723685
800.0,23.368947
801.0,24.4686845
802.0,22.905263
803.0,24.8731575
804.0,23.5594735
805.0,23.876053
806.0,23.104737
807.0,22.932632
808.0,23.64
809.0,23.8339475
810.0,23.109474
811.0,23.3813155
812.0,24.3
813.0,23.513684
814.0,25.244474
815.0,23.4918425
816.0,23.5926315
817.0,23.242895
818.0,23.355263
819.0,23.192895
820.0,23.728421
821.0,24.405263
822.0,25.7397365
823.0,25.0310525
824.0,25.244474
825.0,24.164474
826.0,25.516842
827.0,23.556842
828.0,25.361579
829.0,23.346842
830.0,24.590526
831.0,22.905789
832.0,23.041053
833.0,22.844737
834.0,24.4886845
835.0,22.9023685
836.0,24.2410525
837.0,22.905263
838.0,24.046579
839.0,22.777895
840.0,24.4705265
841.0,22.5842105
842.0,22.932632
843.0,24.4292105
844.0,25.365
845.0,25.7397365
846.0,23.513684
847.0,24.8623685
848.0,24.560526
849.0,23.269474
850.0,23.3763155
851.0,24.748421
852.0,25.7397365
853.0,24.8623685
854.0,24.677368
855.0,24.8623685
856.0,24.4705265
857.0,22.5842105
858.0,24.590526
859.0,25.073684
860.0,24.66
861.0,23.946316
862.0,25.244474
863.0,24.135
864.0,22.777895
865.0,25.516842
866.0,25.19
867.0,23.186842
868.0,25.244474
869.0,23.192895
870.0,23.041053
871.0,23.386316
872.0,23.960263
873.0,23.368947
874.0,22.844737
875.0,24.985
876.0,23.386316
877.0,25.204211
878.0,25.073684
879.0,22.905263
880.0,25.482105
881.0,23.3763155
882.0,24.590526
883.0,25.361579
884.0,24.4886845
885.0,23.109474
886.0,23.041053
887.0,22.9023685
888.0,23.513684
889.0,23.013684
890.0,23.458947
891.0,23.386316
892.0,23.6957895
893.0,23.0657895
894.0,22.6492105
895.0,23.386316
896.0,24.405263
897.0,25.516842
898.0,25.33
899.0,23.013684
900.0,25.482105
901.0,25.482105
902.0,23.511053
903.0,24.712105
904.0,23.876053
905.0,24.124737
906.0,23.4210525
907.0,23.2807895
908.0,24.141053
909.0,24.677368
910.0,23.139474
911.0,23.0657895
912.0,24.702105
913.0,25.453158
914.0,24.590526
915.0,25.482105
916.0,24.217895
917.0,24.985
918.0,23.6247365
919.0,23.104737
920.0,23.1723685
921.0,23.267368
922.0,25.104737
923.0,23.876053
924.0,24.8623685
925.0,22.813684
926.0,22.844737
927.0,24.9771055
928.0,24.5863155
929.0,25.668947
930.0,23.7592105
931.0,22.752105
932.0,23.432632
933.0,25.482105
934.0,25.073684
935.0,25.244474
936.0,24.164474
937.0,24.985
938.0,22.5842105
939.0,22.752105
940.0,23.041053
941.0,25.244474
942.0,23.399474
943.0,24.338947
944.0,22.5842105
945.0,22.752105
946.0,22.932632
947.0,24.590526
948.0,23.625
949.0,24.677368
950.0,22.476579
951.0,23.791053
952.0,24.046579
953.0,22.87
954.0,24.4192105
955.0,25.668947
956.0,22.813684
957.0,23.109474
958.0,25.244474
959.0,23.186842
960.0,23.377368
961.0,23.109474
962.0,23.0310525
963.0,25.668947
964.0,23.2292105
965.0,25.361579
966.0,25.073684
967.0,25.104737
968.0,25.244474
969.0,25.361579
970.0,23.3813155
971.0,24.4192105
972.0,22.8063155
973.0,24.14
974.0,23.386316
975.0,23.2292105
976.0,25.516842
977.0,24.528947
978.0,24.946579
979.0,23.192895
980.0,23.186842
981.0,25.623158
982.0,25.482105
983.0,23.355263
984.0,22.8126315
985.0,25.104737
986.0,23.192895
987.0,24.4292105
988.0,23.8339475
989.0,25.668947
990.0,24.3
991.0,23.041053
992.0,25.33
993.0,25.154211
994.0,23.513684
995.0,22.905263
996.0,25.482105
997.0,25.244474
998.0,24.4886845
999.0,24.4023685
1000.0,22.695263
1001.0,25.293684
1002.0,24.745789
1003.0,24.2410525
1004.0,23.513684
1005.0,24.3823685
1006.0,24.9771055
1007.0,23.425789
1008.0,24.7742105
1009.0,23.3813155
1010.0,24.652632
1011.0,24.4292105
1012.0,25.564737
1013.0,23.0310525
1014.0,24.4886845
1015.0,24.124737
1016.0,25.054737
1017.0,24.414737
1018.0,24.513421
1019.0,23.386316
1020.0,23.139474
1021.0,24.2523685
1022.0,24.046579
1023.0,23.1689475
1024.0,25.252632
1025.0,23.013684
1026.0,24.677368
1027.0,25.213684
1028.0,24.4192105
1029.0,23.1723685
1030.0,22.844737
1031.0,23.104737
1032.0,23.2028945
1033.0,24.192632
1034.0,22.87
1035.0,24.590526
1036.0,25.482105
1037.0,23.2028945
1038.0,22.844737
1039.0,24.652632
1040.0,24.124737
1041.0,24.590526
1042.0,23.399474
1043.0,23.186842
1044.0,25.482105
1045.0,23.047368
1046.0,23.880263
1047.0,23.386316
1048.0,24.560526
1049.0,23.1689475
1050.0,24.4705265
1051.0,22.8126315
1052.0,22.87
1053.0,24.856316
1054.0,24.4705265
1055.0,23.6957895
1056.0,23.269474
1057.0,24.856316
1058.0,25.073684
1059.0,24.4192105
1060.0,24.520526
1061.0,24.702105
1062.0,23.368947
1063.0,24.278947
1064.0,24.598421
1065.0,23.386316
1066.0,22.7
1067.0,25.48
1068.0,25.073684
1069.0,24.4192105
1070.0,24.742632
1071.0,23.646842
1072.0,23.199474
1073.0,22.777895
1074.0,24.66
1075.0,22.9336845
1076.0,23.2292105
1077.0,24.677368
1078.0,22.521579
1079.0,25.293684
1080.0,24.7742105
1081.0,24.311579
1082.0,23.1689475
1083.0,24.8623685
1084.0,22.844737
1085.0,25.7397365
1086.0,22.752105
1087.0,25.668947
1088.0,23.880263
1089.0,22.87
1090.0,24.124737
1091.0,25.293684
1092.0,25.482105
1093.0,23.386316
1094.0,23.368947
1095.0,24.4192105
1096.0,23.109474
1097.0,24.008421
1098.0,24.702105
1099.0,23.663158
1100.0,24.4192105
1101.0,23.791053
1102.0,22.8126315
1103.0,24.702105
1104.0,23.3813155
1105.0,24.8623685
1106.0,23.1723685
1107.0,25.482105
1108.0,23.386316
1109.0,23.302105
1110.0,22.7
1111.0,25.482105
1112.0,23.170526
1113.0,22.932632
1114.0,23.584211
1115.0,24.202632
1116.0,23.841579
1117.0,23.386316
1118.0,23.625
1119.0,23.238947
1120.0,23.791053
1121.0,22.806316
1122.0,23.620526
1123.0,25.244474
1124.0,25.104737
1125.0,25.104737
1126.0,23.880263
1127.0,23.747895
1128.0,23.3813155
1129.0,24.2410525
1130.0,23.399474
1131.0,24.926316
1132.0,22.813684
1133.0,23.242895
1134.0,24.957895
1135.0,22.813684
1136.0,25.244474
1137.0,22.8126315
1138.0,25.33
1139.0,23.399474
1140.0,23.269474
1141.0,23.016316
1142.0,25.244474
1143.0,25.104737
1144.0,22.6821055
1145.0,23.186842
1146.0,23.1723685
1147.0,25.244474
1148.0,25.482105
1149.0,24.2589475
1150.0,25.252632
1151.0,23.5610525
1152.0,22.87
1153.0,23.0310525
1154.0,22.996842
1155.0,23.3813155
1156.0,23.238947
1157.0,23.2028945
1158.0,22.187895
1159.0,24.590526
1160.0,24.008421
1161.0,23.6957895
1162.0,23.2292105
1163.0,23.2292105
1164.0,23.368947
1165.0,23.841579
1166.0,24.821842
1167.0,23.96
1168.0,25.0310525
1169.0,25.041579
1170.0,24.124737
1171.0,23.7592105
1172.0,25.244474
1173.0,23.841579
1174.0,24.4705265
1175.0,23.625
1176.0,24.528947
1177.0,23.2028945
1178.0,24.748421
1179.0,22.777895
1180.0,23.6247365
1181.0,23.9044735
1182.0,25.073684
1183.0,23.841579
1184.0,24.14
1185.0,23.31
1186.0,24.3823685
1187.0,22.905263
1188.0,23.697895
1189.0,23.3763155
1190.0,23.556842
1191.0,22.932105
1192.0,24.4192105
1193.0,25.244474
1194.0,24.8623685
1195.0,23.2028945
1196.0,24.702105
1197.0,24.520526
1198.0,23.242895
1199.0,23.186842
1200.0,24.702105
1201.0,23.384737
1202.0,23.6957895
1203.0,23.368947
1204.0,22.813684
1205.0,25.516842
1206.0,24.124737
1207.0,25.516842
1208.0,24.124737
1209.0,23.646842
1210.0,23.373158
1211.0,23.2028945
1212.0,23.170526
1213.0,24.414737
1214.0,23.2028945
1215.0,23.041053
1216.0,22.885789
1217.0,24.4292105
1218.0,23.513684
1219.0,23.6247365
1220.0,22.87
1221.0,23.368947
1222.0,23.170526
1223.0,25.081053
1224.0,23.8339475
1225.0,22.87
1226.0,25.482105
1227.0,23.907895
1228.0,22.905263
1229.0,23.2292105
1230.0,23.64
1231.0,24.4192105
1232.0,23.5610525
1233.0,23.386316
1234.0,23.386316
1235.0,23.104737
1236.0,24.583158
1237.0,23.6247365
1238.0,25.668947
1239.0,25.244474
1240.0,24.911053
1241.0,23.2292105
1242.0,25.482105
1243.0,23.109474
1244.0,24.590526
1245.0,24.534737
1246.0,24.9771055
1247.0,22.6492105
1248.0,24.145263
1249.0,23.3813155
1250.0,24.9771055
1251.0,23.2028945
1252.0,24.702105
1253.0,22.752105
1254.0,23.5610525
1255.0,23.368947
1256.0,23.31
1257.0,23.513684
1258.0,23.0310525
1259.0,23.2028945
1260.0,24.2410525
1261.0,22.676316
1262.0,22.844737
1263.0,23.2557895
1264.0,23.5926315
1265.0,23.242895
1266.0,23.3763155
1267.0,23.057368
1268.0,23.880263
1269.0,25.482105
1270.0,25.104737
1271.0,24.590526
1272.0,22.820526
1273.0,24.124737
1274.0,23.880263
1275.0,23.013684
1276.0,23.787368
1277.0,24.4192105
1278.0,22.820526
1279.0,24.202632
1280.0,23.386316
1281.0,23.880263
1282.0,22.87
1283.0,23.238947
1284.0,24.957895
1285.0,24.4192105
1286.0,23.041053
1287.0,22.7205265
1288.0,23.746579
1289.0,23.3763155
1290.0,23.109474
1291.0,24.957895
1292.0,23.269474
1293.0,25.244474
1294.0,24.414737
1295.0,23.186842
1296.0,23.242895
1297.0,24.957895
1298.0,23.258947
1299.0,23.192895
1300.0,24.14
1301.0,24.590526
1302.0,23.960263
1303.0,24.702105
1304.0,23.302105
1305.0,23.6873685
1306.0,24.4192105
1307.0,22.844737
1308.0,24.677368
1309.0,23.399474
1310.0,23.104737
1311.0,23.841579
1312.0,23.068158
1313.0,24.702105
1314.0,24.4886845
1315.0,25.073684
1316.0,24.405263
1317.0,25.244474
1318.0,24.405263
1319.0,24.4192105
1320.0,25.365
1321.0,24.677368
1322.0,25.331053
1323.0,24.278947
1324.0,22.844737
1325.0,22.6821055
1326.0,23.6957895
1327.0,24.8623685
1328.0,23.1723685
1329.0,24.946579
1330.0,22.844737
1331.0,22.752105
1332.0,23.1689475
1333.0,24.8623685
1334.0,23.139474
1335.0,25.104737
1336.0,25.567368
1337.0,22.9336845
1338.0,22.476579
1339.0,25.361579
1340.0,25.054737
1341.0,24.652632
1342.0,24.492105
1343.0,25.668947
1344.0,23.386316
1345.0,22.476579
1346.0,23.8339475
1347.0,24.3
1348.0,25.244474
1349.0,23.3763155
1350.0,24.7742105
1351.0,23.924737
1352.0,24.192632
1353.0,24.4192105
1354.0,25.668947
1355.0,23.880263
1356.0,24.135
1357.0,24.3823685
1358.0,22.844737
1359.0,25.365
1360.0,24.135
1361.0,25.516842
1362.0,22.9023685
1363.0,23.2028945
1364.0,23.6957895
1365.0,23.3813155
1366.0,24.477895
1367.0,25.316842
1368.0,24.583158
1369.0,23.997895
1370.0,24.856316
1371.0,24.748421
1372.0,22.905263
1373.0,24.4192105
1374.0,23.068158
1375.0,24.677368
1376.0,22.87
1377.0,22.752105
1378.0,23.64
1379.0,24.8623685
1380.0,23.791053
1381.0,24.677368
1382.0,25.244474
1383.0,25.244474
1384.0,24.350526
1385.0,23.109474
1386.0,23.791053
1387.0,23.186316
1388.0,24.590526
1389.0,25.073684
1390.0,25.668947
1391.0,23.5610525
1392.0,24.018947
1393.0,24.528947
1394.0,24.4292105
1395.0,24.338947
1396.0,22.777895
1397.0,23.041053
1398.0,24.957895
1399.0,23.386316
1400.0,24.9771055
1401.0,23.3813155
1402.0,22.898947
1403.0,23.876053
1404.0,25.073684
1405.0,23.245
1406.0,22.844737
1407.0,24.534737
1408.0,24.4686845
1409.0,24.14
1410.0,24.590526
1411.0,23.841579
1412.0,22.9336845
1413.0,23.3763155
1414.0,24.7742105
1415.0,24.124737
1416.0,24.310526
1417.0,24.702105
1418.0,22.6821055
1419.0,23.697895
1420.0,24.4192105
1421.0,22.676316
1422.0,22.932632
1423.0,23.399474
1424.0,23.841579
1425.0,23.186842
1426.0,24.3823685
1427.0,24.8623685
1428.0,23.747895
1429.0,24.702105
1430.0,22.87
1431.0,24.923684
1432.0,24.477895
1433.0,24.821842
1434.0,23.5531575
1435.0,23.269474
1436.0,24.080526
1437.0,23.287895
1438.0,23.041053
1439.0,23.3813155
1440.0,23.791053
1441.0,23.368947
1442.0,22.905263
1443.0,25.482105
1444.0,23.041053
1445.0,23.287895
1446.0,24.5636845
1447.0,23.386316
1448.0,24.985
1449.0,23.041053
1450.0,23.242895
1451.0,22.9336845
1452.0,23.656842
1453.0,22.97
1454.0,23.170526
1455.0,25.154211
1456.0,23.041053
1457.0,24.8623685
1458.0,22.752105
1459.0,24.4192105
1460.0,24.956842
1461.0,23.5610525
1462.0,22.905263
1463.0,25.453158
1464.0,22.777895
1465.0,23.5610525
1466.0,25.054737
1467.0,25.073684
1468.0,25.668947
1469.0,24.677368
1470.0,22.752105
1471.0,22.637368
1472.0,23.013684
1473.0,23.7592105
1474.0,24.590526
1475.0,22.752105
1476.0,25.807368
1477.0,25.668947
1478.0,22.87
1479.0,22.752105
1480.0,22.8126315
1481.0,23.513684
1482.0,22.752105
1483.0,24.14
1484.0,24.677368
1485.0,23.556842
1486.0,23.041053
1487.0,25.316842
1488.0,23.368947
1489.0,23.192895
1490.0,23.515263
1491.0,22.777895
1492.0,22.6821055
1493.0,23.2292105
1494.0,23.5610525
1495.0,24.8623685
1496.0,23.2292105
1497.0,23.513684
1498.0,23.386316
1499.0,25.482105
1500.0,24.590526
1501.0,25.330526
1502.0,23.032632
1503.0,23.6247365
1504.0,23.399474
1505.0,25.244474
1506.0,23.368947
1507.0,24.956842
1508.0,24.4023685
1509.0,22.844737
1510.0,24.2410525
1511.0,23.3763155
1512.0,23.386316
1513.0,25.244474
1514.0,22.844737
1515.0,23.4010525
1516.0,22.777895
1517.0,25.244474
1518.0,22.8126315
1519.0,23.192895
1520.0,25.0310525
1521.0,25.361579
1522.0,23.041053
1523.0,25.7397365
1524.0,24.7805265
1525.0,23.989474
1526.0,22.9336845
1527.0,24.985
1528.0,25.081053
1529.0,22.844737
1530.0,24.5636845
1531.0,23.9044735
1532.0,23.5802635
1533.0,23.3763155
1534.0,23.016316
1535.0,22.752105
1536.0,23.9044735
1537.0,24.590526
1538.0,25.7397365
1539.0,23.819474
1540.0,24.702105
1541.0,24.677368
1542.0,24.8623685
1543.0,25.154211
1544.0,22.752105
1545.0,24.702105
1546.0,25.054737
1547.0,24.598421
1548.0,25.361579
1549.0,25.482105
1550.0,23.31
1551.0,23.960263
1552.0,22.752105
1553.0,23.373158
1554.0,24.03
1555.0,23.041053
1556.0,24.147368
1557.0,23.2028945
1558.0,23.192895
1559.0,23.269474
1560.0,22.5842105
1561.0,22.752105
1562.0,25.48
1563.0,25.48
1564.0,24.8623685
1565.0,24.956842
1566.0,24.221053
1567.0,22.844737
1568.0,24.4292105
1569.0,24.4705265
1570.0,24.1236845
1571.0,23.511053
1572.0,24.338947
1573.0,24.9771055
1574.0,22.777895
1575.0,23.663158
1576.0,25.062105
1577.0,24.702105
1578.0,23.068158
1579.0,23.368947
1580.0,23.601579
1581.0,24.405263
1582.0,25.482105
1583.0,23.3813155
1584.0,25.668947
1585.0,25.244474
1586.0,25.516842
1587.0,25.316842
1588.0,23.258947
1589.0,25.482105
1590.0,24.4192105
1591.0,23.386316
1592.0,23.64
1593.0,25.244474
1594.0,22.813684
1595.0,24.4705265
1596.0,24.856316
1597.0,24.702105
1598.0,23.186842
1599.0,23.880263
1600.0,22.752105
1601.0,24.677368
1602.0,23.2028945
1603.0,24.164474
1604.0,23.596316
1605.0,23.386316
1606.0,24.4192105
1607.0,22.777895
1608.0,22.932632
1609.0,24.712105
1610.0,22.8063155
1611.0,23.5610525
1612.0,22.844737
1613.0,22.844737
1614.0,24.5863155
1615.0,23.041053
1616.0,22.905263
1617.0,24.560526
1618.0,24.598421
1619.0,23.8339475
1620.0,22.905263
1621.0,23.2028945
1622.0,23.432632
1623.0,22.752105
1624.0,25.244474
1625.0,23.0310525
1626.0,22.844737
1627.0,25.564737
1628.0,24.3
1629.0,22.844737
1630.0,23.186842
1631.0,24.4886845
1632.0,25.081053
1633.0,23.267368
1634.0,23.269474
1635.0,23.656842
1636.0,25.062105
1637.0,23.170526
1638.0,24.477895
1639.0,24.414737
1640.0,23.880263
1641.0,24.9289475
1642.0,23.728421
1643.0,24.957895
1644.0,23.5531575
1645.0,25.0460525
1646.0,22.844737
1647.0,23.104737
1648.0,23.64
1649.0,25.213684
1650.0,22.9336845
1651.0,23.584211
1652.0,24.8623685
1653.0,22.752105
1654.0,25.0310525
1655.0,24.856316
1656.0,22.806316
1657.0,23.880263
1658.0,22.844737
1659.0,23.2028945
1660.0,24.784474
1661.0,24.5863155
1662.0,24.821842
1663.0,23.646842
1664.0,23.728421
1665.0,23.2028945
1666.0,23.997895
1667.0,23.302105
1668.0,23.5594735
1669.0,25.392632
1670.0,23.186842
1671.0,24.046579
1672.0,22.39
1673.0,23.2028945
1674.0,23.663158
1675.0,23.368947
1676.0,23.5610525
1677.0,23.3763155
1678.0,25.104737
1679.0,23.2863155
1680.0,23.6247365
1681.0,24.147368
1682.0,23.5610525
1683.0,24.094737
1684.0,23.6957895
1685.0,24.677368
1686.0,23.1689475
1687.0,24.8623685
1688.0,23.663158
1689.0,24.677368
1690.0,23.960263
1691.0,24.7742105
1692.0,24.477895
1693.0,25.482105
1694.0,22.5842105
1695.0,25.482105
1696.0,23.841579
1697.0,23.192895
1698.0,22.806316
1699.0,23.377368
1700.0,22.777895
1701.0,24.4192105
1702.0,23.235263
1703.0,23.4010525
1704.0,23.6247365
1705.0,24.785789
1706.0,22.806316
1707.0,22.752105
1708.0,24.702105
1709.0,23.057368
1710.0,25.668947
1711.0,22.924211
1712.0,22.752105
1713.0,23.041053
1714.0,24.4192105
1715.0,23.302105
1716.0,24.8623685
1717.0,25.104737
1718.0,25.567368
1719.0,24.985
1720.0,24.2410525
1721.0,23.458947
1722.0,25.516842
1723.0,23.6247365
1724.0,25.146842
1725.0,23.8339475
1726.0,22.844737
1727.0,22.752105
1728.0,24.350526
1729.0,23.235263
1730.0,23.511053
1731.0,23.041053
1732.0,23.3813155
1733.0,23.6247365
1734.0,24.4292105
1735.0,23.6247365
1736.0,24.9771055
1737.0,22.844737
1738.0,22.905263
1739.0,23.880263
1740.0,22.777895
1741.0,24.856316
1742.0,22.87
1743.0,23.515263
1744.0,23.4918425
1745.0,24.590526
1746.0,22.844737
1747.0,22.844737
1748.0,24.414737
1749.0,24.310526
1750.0,24.702105
1751.0,23.515263
1752.0,22.820526
1753.0,23.8339475
1754.0,22.676316
1755.0,22.854211
1756.0,24.520526
1757.0,22.436842
1758.0,25.008421
1759.0,23.6873685
1760.0,25.668947
1761.0,23.109474
1762.0,24.528947
1763.0,22.777895
1764.0,24.4192105
1765.0,24.677368
1766.0,24.652632
1767.0,24.9771055
1768.0,23.747895
1769.0,23.747895
1770.0,22.7023685
1771.0,23.56
1772.0,23.3763155
1773.0,24.135
1774.0,23.186842
1775.0,24.511579
1776.0,22.468421
1777.0,24.4192105
1778.0,25.104737
1779.0,24.310526
1780.0,22.905263
1781.0,23.432632
1782.0,23.104737
1783.0,23.192895
1784.0,22.521579
1785.0,23.3763155
1786.0,22.813684
1787.0,22.752105
1788.0,23.186842
1789.0,23.2028945
1790.0,23.170526
1791.0,22.752105
1792.0,25.453158
1793.0,25.213684
1794.0,22.873684
1795.0,23.4010525
1796.0,24.046579
1797.0,24.677368
1798.0,22.593158
1799.0,24.350526
1800.0,22.905263
1801.0,24.985
1802.0,24.748421
1803.0,23.663158
1804.0,23.880263
1805.0,23.109474
1806.0,25.213684
1807.0,25.213684
1808.0,23.302105
1809.0,23.5594735
1810.0,23.267368
1811.0,23.041053
1812.0,23.386316
1813.0,24.1236845
1814.0,25.244474
1815.0,23.3813155
1816.0,25.104737
1817.0,24.677368
1818.0,22.898947
1819.0,25.244474
1820.0,22.752105
1821.0,23.386316
1822.0,24.9989475
1823.0,25.244474
1824.0,23.880263
1825.0,22.820526
1826.0,23.399474
1827.0,25.482105
1828.0,23.625
1829.0,24.4705265
1830.0,24.946579
1831.0,22.777895
1832.0,22.468421
1833.0,23.2557895
1834.0,23.791053
1835.0,24.4705265
1836.0,24.677368
1837.0,22.844737
1838.0,25.516842
1839.0,22.813684
1840.0,23.041053
1841.0,23.2028945
1842.0,23.386316
1843.0,24.8623685
1844.0,23.791053
1845.0,22.905263
1846.0,24.3823685
1847.0,25.482105
1848.0,23.6247365
1849.0,22.905789
1850.0,23.2292105
1851.0,22.5842105
1852.0,23.960263
1853.0,22.844737
1854.0,23.5594735
1855.0,23.386316
1856.0,23.5610525
1857.0,23.5594735
1858.0,22.844737
1859.0,23.041053
1860.0,22.844737
1861.0,24.677368
1862.0,24.590526
1863.0,25.516842
1864.0,24.5636845
1865.0,22.844737
1866.0,24.926316
1867.0,25.668947
1868.0,22.476579
1869.0,23.242895
1870.0,23.170526
1871.0,25.482105
1872.0,23.513684
1873.0,24.4886845
1874.0,24.8623685
1875.0,24.4292105
1876.0,22.873684
1877.0,23.64
1878.0,24.22
1879.0,24.717368
1880.0,23.109474
1881.0,24.5863155
1882.0,24.4292105
1883.0,23.013684
1884.0,22.844737
1885.0,23.109474
1886.0,23.386316
1887.0,23.2292105
1888.0,25.081053
1889.0,25.48
1890.0,22.6821055
1891.0,23.170526
1892.0,25.293684
1893.0,25.516842
1894.0,22.905263
1895.0,25.361579
1896.0,23.477368
1897.0,22.844737
1898.0,23.608421
1899.0,24.528947
1900.0,23.747895
1901.0,25.244474
1902.0,23.967895
1903.0,24.590526
1904.0,24.677368
1905.0,24.192632
1906.0,23.64
1907.0,23.3813155
1908.0,23.6957895
1909.0,22.932632
1910.0,24.946316
1911.0,24.856316
1912.0,23.6873685
1913.0,23.013684
1914.0,24.046579
1915.0,25.516842
1916.0,22.752105
1917.0,23.041053
1918.0,25.668947
1919.0,24.4886845
1920.0,23.368947
1921.0,22.8126315
1922.0,25.361579
1923.0,23.1723685
1924.0,24.008421
1925.0,23.646842
1926.0,23.186842
1927.0,22.777895
1928.0,23.5610525
1929.0,23.386316
1930.0,24.528947
1931.0,23.841579
1932.0,23.041053
1933.0,23.386316
1934.0,23.646842
1935.0,23.2028945
1936.0,24.520526
1937.0,23.697895
1938.0,22.844737
1939.0,23.747895
1940.0,24.5863155
1941.0,23.235263
1942.0,22.6821055
1943.0,25.244474
1944.0,23.2028945
1945.0,24.5457895
1946.0,25.516842
1947.0,23.186842
1948.0,22.411579
1949.0,22.6821055
1950.0,23.186842
1951.0,25.213684
1952.0,24.8623685
1953.0,24.856316
1954.0,23.170526
1955.0,23.646842
1956.0,24.677368
1957.0,22.5842105
1958.0,23.238947
1959.0,23.242895
1960.0,24.528947
1961.0,23.5610525
1962.0,23.041053
1963.0,23.8339475
1964.0,24.4705265
1965.0,22.844737
1966.0,23.608421
1967.0,25.668947
1968.0,24.192632
1969.0,25.104737
1970.0,23.8339475
1971.0,23.068158
1972.0,25.453158
1973.0,24.677368
1974.0,23.386316
1975.0,22.5842105
1976.0,24.414737
1977.0,22.777895
1978.0,23.2028945
1979.0,24.677368
1980.0,25.244474
1981.0,23.109474
1982.0,25.293684
1983.0,23.269474
1984.0,23.041053
1985.0,23.646842
1986.0,24.4705265
1987.0,23.242895
1988.0,23.386316
1989.0,24.598421
1990.0,23.104737
1991.0,22.854211
1992.0,25.361579
1993.0,23.3763155
1994.0,23.186842
1995.0,24.250526
1996.0,22.752105
1997.0,23.386316
1998.0,24.985
1999.0,23.2028945
2000.0,22.844737
2001.0,23.924737
2002.0,23.6957895
2003.0,25.244474
2004.0,24.702105
2005.0,22.97
2006.0,24.520526
2007.0,25.516842
2008.0,22.752105
2009.0,22.905263
2010.0,25.516842
2011.0,23.5594735
2012.0,25.104737
2013.0,22.813684
2014.0,25.244474
2015.0,25.073684
2016.0,23.242895
2017.0,25.244474
2018.0,23.3813155
2019.0,24.702105
2020.0,24.8623685
2021.0,24.833684
2022.0,24.2410525
2023.0,22.752105
2024.0,24.677368
2025.0,25.516842
2026.0,25.516842
2027.0,25.516842
2028.0,24.2410525
2029.0,24.217895
2030.0,24.008421
2031.0,24.4192105
2032.0,23.2028945
2033.0,23.825263
2034.0,23.368947
2035.0,24.414737
2036.0,24.985
2037.0,23.186842
2038.0,22.8063155
2039.0,23.267368
2040.0,24.5863155
2041.0,23.3813155
2042.0,25.361579
2043.0,23.880263
2044.0,25.33
2045.0,25.244474
2046.0,24.477895
2047.0,24.4292105
2048.0,23.747895
2049.0,25.154211
2050.0,24.6955265
2051.0,22.9336845
2052.0,23.386316
2053.0,23.368947
2054.0,25.081053
2055.0,24.957895
2056.0,22.468421
2057.0,25.19
2058.0,23.386316
2059.0,24.2589475
2060.0,23.979474
2061.0,25.7397365
2062.0,25.482105
2063.0,22.844737
2064.0,22.752105
2065.0,23.170526
2066.0,23.023684
2067.0,24.1236845
2068.0,25.482105
2069.0,24.985
2070.0,23.238947
2071.0,23.2028945
2072.0,23.057368
2073.0,25.073684
2074.0,24.702105
2075.0,24.3
2076.0,23.386316
2077.0,22.87
2078.0,23.104737
2079.0,23.386316
2080.0,25.482105
2081.0,24.4555265
2082.0,23.880263
2083.0,22.87
2084.0,22.8126315
2085.0,24.677368
2086.0,23.841579
2087.0,23.513684
2088.0,24.513421
2089.0,22.6018425
2090.0,22.87
2091.0,22.6821055
2092.0,23.041053
2093.0,23.170526
2094.0,22.5842105
2095.0,24.310526
2096.0,24.511579
2097.0,24.4192105
2098.0,22.436842
2099.0,24.702105
2100.0,22.97
2101.0,23.5610525
2102.0,22.905263
2103.0,24.5863155
2104.0,23.041053
2105.0,23.5610525
2106.0,25.073684
2107.0,24.677368
2108.0,22.8063155
2109.0,23.2028945
2110.0,23.386316
2111.0,23.170526
2112.0,23.432632
2113.0,23.2028945
2114.0,23.64
2115.0,24.9771055
2116.0,23.57
2117.0,22.8126315
2118.0,22.752105
2119.0,22.97
2120.0,24.702105
2121.0,24.008421
2122.0,24.520526
2123.0,22.752105
2124.0,23.397368
2125.0,22.7205265
2126.0,24.590526
2127.0,24.652632
2128.0,23.8339475
2129.0,24.957895
2130.0,23.663158
2131.0,23.170526
2132.0,25.482105
2133.0,22.87
2134.0,22.905263
2135.0,24.492105
2136.0,25.244474
2137.0,22.97
2138.0,23.368947
2139.0,25.244474
2140.0,24.6955265
2141.0,23.186842
2142.0,22.813684
2143.0,24.702105
2144.0,23.013684
2145.0,23.791053
2146.0,22.820526
2147.0,25.668947
2148.0,23.825263
2149.0,24.3823685
2150.0,25.008421
2151.0,22.87
2152.0,24.046579
2153.0,25.482105
2154.0,24.310526
2155.0,22.8126315
2156.0,25.226842
2157.0,23.186842
2158.0,24.560526
2159.0,23.9044735
2160.0,25.073684
2161.0,23.032632
2162.0,24.520526
2163.0,23.841579
2164.0,23.386316
2165.0,24.835263
2166.0,25.244474
2167.0,23.646842
2168.0,25.073684
2169.0,25.041579
2170.0,24.414737
2171.0,23.064211
2172.0,24.8623685
2173.0,24.702105
2174.0,25.482105
2175.0,25.482105
2176.0,23.6831575
2177.0,24.677368
2178.0,24.677368
2179.0,22.844737
2180.0,23.477895
2181.0,23.1689475
2182.0,25.088947
2183.0,24.590526
2184.0,23.242895
2185.0,24.477895
2186.0,23.386316
2187.0,24.2523685
2188.0,24.677368
2189.0,24.2589475
2190.0,23.608421
2191.0,22.905263
2192.0,24.748421
2193.0,23.386316
2194.0,23.013684
2195.0,25.668947
2196.0,24.008421
2197.0,23.016316
2198.0,25.482105
2199.0,23.64
2200.0,24.9289475
2201.0,23.9044735
2202.0,24.513421
2203.0,24.8731575
2204.0,22.8126315
2205.0,24.5636845
2206.0,23.841579
2207.0,24.018947
2208.0,24.702105
2209.0,25.244474
2210.0,25.293684
2211.0,24.124737
2212.0,24.477895
2213.0,22.777895
2214.0,23.663158
2215.0,23.646842
2216.0,23.663158
2217.0,23.386316
2218.0,24.957895
2219.0,22.5842105
2220.0,25.041579
2221.0,24.124737
2222.0,22.8126315
2223.0,23.876053
2224.0,23.979474
2225.0,25.516842
2226.0,22.9336845
2227.0,23.399474
2228.0,25.0310525
2229.0,22.752105
2230.0,22.905263
2231.0,22.752105
2232.0,24.4886845
2233.0,24.835263
2234.0,22.752105
2235.0,24.164474
2236.0,22.8126315
2237.0,22.6821055
2238.0,25.48
2239.0,24.652632
2240.0,22.777895
2241.0,22.436842
2242.0,22.97
2243.0,25.244474
2244.0,23.728421
2245.0,23.946316
2246.0,22.777895
2247.0,24.702105
2248.0,23.747895
2249.0,24.833684
2250.0,22.806316
2251.0,23.386316
2252.0,25.375263
2253.0,23.3813155
2254.0,22.844737
2255.0,25.516842
2256.0,23.368947
2257.0,24.4705265
2258.0,23.8339475
2259.0,23.876053
2260.0,23.880263
2261.0,23.368947
2262.0,22.752105
2263.0,23.924737
2264.0,23.386316
2265.0,24.14
2266.0,23.3763155
2267.0,25.204211
2268.0,23.041053
2269.0,22.9336845
2270.0,25.48
2271.0,25.482105
2272.0,25.516842
2273.0,22.87
2274.0,24.124737
2275.0,24.702105
2276.0,23.841579
2277.0,25.516842
2278.0,25.361579
2279.0,25.140526
2280.0,23.960263
2281.0,23.841579
2282.0,24.405263
2283.0,23.035263
2284.0,25.516842
2285.0,23.9044735
2286.0,23.876053
2287.0,23.399474
2288.0,24.856316
2289.0,25.104737
2290.0,23.3763155
2291.0,23.3763155
2292.0,24.4192105
2293.0,25.361579
2294.0,23.386316
2295.0,23.192895
2296.0,22.752105
2297.0,25.516842
2298.0,25.392632
2299.0,24.590526
2300.0,25.081053
2301.0,24.3823685
2302.0,23.5610525
2303.0,22.8126315
2304.0,25.293684
2305.0,24.7742105
2306.0,23.3763155
2307.0,22.97
2308.0,23.2292105
2309.0,22.676316
2310.0,24.135
2311.0,22.97
2312.0,23.2028945
2313.0,23.6957895
2314.0,23.9044735
2315.0,22.752105
2316.0,25.204211
2317.0,25.104737
2318.0,23.368947
2319.0,23.192895
2320.0,23.924737
2321.0,23.3763155
2322.0,22.752105
2323.0,22.752105
2324.0,22.5842105
2325.0,23.513684
2326.0,24.292105
2327.0,24.4192105
2328.0,22.476579
2329.0,23.0310525
2330.0,24.702105
2331.0,24.008421
2332.0,24.677368
2333.0,22.87
2334.0,24.702105
2335.0,23.5610525
2336.0,24.4555265
2337.0,24.147368
2338.0,24.124737
2339.0,22.905263
2340.0,22.813684
2341.0,25.482105
2342.0,24.4192105
2343.0,25.244474
2344.0,23.2028945
2345.0,24.250526
2346.0,23.646842
2347.0,25.516842
2348.0,25.361579
2349.0,23.747895
2350.0,22.8063155
2351.0,23.6247365
2352.0,23.3763155
2353.0,23.3763155
2354.0,22.777895
2355.0,23.646842
2356.0,25.244474
2357.0,24.046579
2358.0,24.2410525
2359.0,23.515263
2360.0,25.516842
2361.0,23.2292105
2362.0,24.702105
2363.0,25.516842
2364.0,23.64
2365.0,22.6018425
2366.0,22.6492105
2367.0,23.31
2368.0,24.8623685
2369.0,24.4292105
2370.0,22.8126315
2371.0,24.702105
2372.0,24.405263
2373.0,25.008421
2374.0,23.791053
2375.0,24.414737
2376.0,23.3763155
2377.0,24.677368
2378.0,24.4705265
2379.0,24.946579
2380.0,22.932632
2381.0,25.041579
2382.0,23.1460525
2383.0,24.405263
2384.0,24.046579
2385.0,24.8623685
2386.0,22.6492105
2387.0,24.4705265
2388.0,24.278947
2389.0,22.752105
2390.0,24.310526
2391.0,23.791053
2392.0,23.5594735
